organisation,url,redirects,sector
Accident Compensation Corporation,acc.co.nz,No,Crown Entity - Crown Agent
Accident Compensation Corporation,acc.govt.nz,Yes,Crown Entity - Crown Agent
Accident Compensation Corporation,accfleets.co.nz,Yes,Crown Entity - Crown Agent
Accident Compensation Corporation,businessdescription.co.nz,No,Crown Entity - Crown Agent
Accident Compensation Corporation,drinksmart.co.nz,Yes,Crown Entity - Crown Agent
Accident Compensation Corporation,findsupport.co.nz,No,Crown Entity - Crown Agent
Accident Compensation Corporation,fleetsafety.govt.nz,Yes,Crown Entity - Crown Agent
Accident Compensation Corporation,habitatwork.co.nz,No,Crown Entity - Crown Agent
Accident Compensation Corporation,homesafety.co.nz,No,Crown Entity - Crown Agent
Accident Compensation Corporation,msac.org.nz,No,Crown Entity - Crown Agent
Accident Compensation Corporation,myinjuryforecast.co.nz,No,Crown Entity - Crown Agent
Accident Compensation Corporation,rideforever.co.nz,Yes,Crown Entity - Crown Agent
Accident Compensation Corporation,safetyweek.co.nz,No,Crown Entity - Crown Agent
Accident Compensation Corporation,wellsaid.co.nz,No,Crown Entity - Crown Agent
Accident Compensation Corporation,worksmarttips.co.nz,No,Crown Entity - Crown Agent
AgResearch Limited,agresearch.co.nz,No,Crown entity company
Airways Corporation of New Zealand Limited,airways.co.nz,No,State Owned Enterprise
Antarctica New Zealand,antarcticanz.govt.nz,Yes,Crown Entity - Institute
Ashburton District Council,ashburtondc.govt.nz,No,District Council
Asia New Zealand Foundation,asianz.org.nz,No,Public Finance Act Fourth Schedule Organisation
Auckland Council ,akcity.govt.nz,No,City Council
Auckland Council ,arc.govt.nz,Yes,City Council
Auckland Council ,aucklandcouncil.govt.nz,No,City Council
Auckland Council ,aucklandlibraries.govt.nz,No,City Council
Auckland Council ,aupihp.govt.nz,No,City Council
Auckland Council ,franklin.govt.nz,No,City Council
Auckland Council ,manukau-libraries.govt.nz,No,City Council
Auckland Council ,manukau.govt.nz,No,City Council
Auckland Council ,papakuralibrary.govt.nz,Yes,City Council
Auckland Council ,rodney.govt.nz,Yes,City Council
Auckland Council ,shorelibraries.govt.nz,No,City Council
Auckland Council ,theaucklandplan.govt.nz,No,City Council
Auckland Council ,waitakere.govt.nz,No,City Council
Auckland Transport,at.govt.nz,No,City Council
Auckland Transport,aucklandtransport.govt.nz,No,City Council
Australia New Zealand Food Authority,foodstandards.gov.au,No,Other
Bay of Plenty District Health Board,bopdhb.govt.nz,No,District Health Board
Bay of Plenty District Health Board,toiteorapublichealth.govt.nz,No,District Health Board
Bay of Plenty District Health Board,ttophs.govt.nz,No,District Health Board
Bay of Plenty District Health Board,workwell.health.nz,No,District Health Board
Bay of Plenty Regional Council,bopcivildefence.govt.nz,Yes,Regional Council
Bay of Plenty Regional Council,boplass.govt.nz,No,Regional Council
Bay of Plenty Regional Council,boprc.govt.nz,No,Regional Council
Bay of Plenty Regional Council,kaweraudc.govt.nz,No,Regional Council
Bay of Plenty Regional Council,odc.govt.nz,No,Regional Council
Broadcasting Commission,kiwihits.co.nz,Yes,Autonomous Crown Entity
Broadcasting Standards Authority,bsa.govt.nz,No,Independent Crown Entity
Buller District Council,bullerdc.govt.nz,No,District Council
Callaghan Innovation,callaghaninnovation.govt.nz,No,Crown Entity - Crown Agent
Callaghan Innovation,irl.cri.nz,No,Crown Entity - Crown Agent
Callaghan Innovation,msl.irl.cri.nz,Yes,Crown Entity - Crown Agent
Callaghan Innovation,sftichallenge.govt.nz,No,Crown Entity - Crown Agent
Callaghan Innovation,www.measurement.govt.nz,Yes,Crown Entity - Crown Agent
Canterbury District Health Board,cdhb.govt.nz,Yes,District Health Board
Canterbury District Health Board,cdhb.health.nz,No,District Health Board
Canterbury District Health Board,cdhbcareers.co.nz,No,District Health Board
Canterbury District Health Board,labnet.health.nz,No,District Health Board
Canterbury Museum Trust Board,canterburymuseum.com,No,Other
Canterbury Museum Trust Board,cantmus.govt.nz,No,Other
Capital & Coast District Health Board,ccdhb.org.nz,No,District Health Board
Careers New Zealand,careers.govt.nz,No,Crown Entity - Crown Agent
Careers New Zealand,careersnz.govt.nz,No,Crown Entity - Crown Agent
Careers New Zealand,kiwicareers.govt.nz,Yes,Crown Entity - Crown Agent
Carterton District Council ,cdc.govt.nz,Yes,District Council
Carterton District Council ,wairarapasfuture.govt.nz,Yes,District Council
Central Hawkes Bay District Council,chbdc.govt.nz,No,District Council
Central Otago District Council ,codc.govt.nz,No,District Council
Chatham Islands Council,cic.govt.nz,No,District Council
Christchurch City Council,ccc.govt.nz,No,City Council
Christchurch City Council,strongerchristchurch.govt.nz,No,City Council
Christchurch City Council,tfc.govt.nz,Yes,City Council
City Rail Link Limited,cityraillink.co.nz,No,Public Finance Act Schedule 4A Company
City Rail Link Limited,cityraillink.org.nz,No,Public Finance Act Schedule 4A Company
City Rail Link Limited,cityraillink.govt.nz,No,Public Finance Act Schedule 4A Company
Civil Aviation Authority,nss.govt.nz,No,Crown Entity - Crown Agent
Clutha District Council,cluthadc.govt.nz,No,District Council
Commerce Commission,comcom.govt.nz,No,Independent Crown Entity
Commission for Financial Literacy and Retirement Income,retirement.govt.nz,Yes,Autonomous Crown Entity
Commission for Financial Literacy and Retirement Income,sorted.org.nz,No,Autonomous Crown Entity
Creative New Zealand ,creativenz.govt.nz,No,Autonomous Crown Entity
Crown Fibre Holdings Limited,cfh.govt.nz,Yes,Public Finance Act Schedule 4A Company
Crown Fibre Holdings Limited,crownfibre.govt.nz,No,Public Finance Act Schedule 4A Company
Crown Law Office,crownlaw.govt.nz,Yes,Public Service department
Crown Law Office,gln.govt.nz,No,Public Service department
Department of Conservation,1080reassessment.govt.nz,No,Public Service department
Department of Conservation,biodiversity.govt.nz,No,Public Service department
Department of Conservation,conservation.govt.nz,No,Public Service department
Department of Conservation,doc.govt.nz,No,Public Service department
Department of Conservation,greatwalks.co.nz,Yes,Public Service department
Department of Conservation,lahar.govt.nz,No,Public Service department
Department of Conservation,nhf.govt.nz,Yes,Public Service department
Department of Conservation,westmarine.org.nz,No,Public Service department
Department of Corrections,corrections.govt.nz,No,Public Service department
Department of Corrections,paroleboard.govt.nz,Yes,Public Service department
Department of Internal Affairs,7726.govt.nz,Yes,Public Service department
Department of Internal Affairs,antispam.govt.nz,No,Public Service department
Department of Internal Affairs,anyquestions.co.nz,No,Public Service department
Department of Internal Affairs,anyquestions.govt.nz,Yes,Public Service department
Department of Internal Affairs,aotearoapeoplesnetwork.org,No,Public Service department
Department of Internal Affairs,archives.govt.nz,No,Public Service department
Department of Internal Affairs,ata.govt.nz,Yes,Public Service department
Department of Internal Affairs,bdm.govt.nz,No,Public Service department
Department of Internal Affairs,beehive.govt.nz,No,Public Service department
Department of Internal Affairs,beta.govt.nz,No,Public Service department
Department of Internal Affairs,cadetreview.govt.nz,No,Public Service department
Department of Internal Affairs,cartoons.org.nz,Yes,Public Service department
Department of Internal Affairs,cdgo.govt.nz,No,Public Service department
Department of Internal Affairs,cerc.govt.nz,No,Public Service department
Department of Internal Affairs,charities.govt.nz,No,Public Service department
Department of Internal Affairs,chchappeal.govt.nz,No,Public Service department
Department of Internal Affairs,christchurchappealtrust.govt.nz,Yes,Public Service department
Department of Internal Affairs,christchurchearthquakeappeal.govt.nz,Yes,Public Service department
Department of Internal Affairs,cipc.govt.nz,No,Public Service department
Department of Internal Affairs,citizenship.govt.nz,No,Public Service department
Department of Internal Affairs,community.net.nz,No,Public Service department
Department of Internal Affairs,communityandvoluntary.govt.nz,Yes,Public Service department
Department of Internal Affairs,communitymatters.govt.nz,No,Public Service department
Department of Internal Affairs,communityoutcomes.govt.nz,Yes,Public Service department
Department of Internal Affairs,confidentialforum.govt.nz,No,Public Service department
Department of Internal Affairs,cwp.govt.nz,No,Public Service department
Department of Internal Affairs,data.govt.nz,Yes,Public Service department
Department of Internal Affairs,catalogue.data.govt.nz,Yes,Public Service department
Department of Internal Affairs,dia.govt.nz,Yes,Public Service department
Department of Internal Affairs,digitalnz.org,No,Public Service department
Department of Internal Affairs,dns.govt.nz,Yes,Public Service department
Department of Internal Affairs,dogsafety.govt.nz,No,Public Service department
Department of Internal Affairs,ems.govt.nz,No,Public Service department
Department of Internal Affairs,epic.org.nz,No,Public Service department
Department of Internal Affairs,ethnicaffairs.govt.nz,Yes,Public Service department
Department of Internal Affairs,ethniccommunities.govt.nz,No,Public Service department
Department of Internal Affairs,executive.govt.nz,No,Non-Public Service department
Department of Internal Affairs,gamblingcom.govt.nz,No,Public Service department
Department of Internal Affairs,gamblingcommission.govt.nz,No,Public Service department
Department of Internal Affairs,gazette.govt.nz,No,Public Service department
Department of Internal Affairs,goodpracticefunding.govt.nz,No,Public Service department
Department of Internal Affairs,goodpracticeparticipate.govt.nz,No,Public Service department
Department of Internal Affairs,govtechtalent.co.nz,Yes,Public Service department
Department of Internal Affairs,ict.govt.nz,Yes,Public Service department
Department of Internal Affairs,identity.govt.nz,No,Public Service department
Department of Internal Affairs,identityservices.govt.nz,Yes,Public Service department
Department of Internal Affairs,internalaffairs.govt.nz,Yes,Public Service department
Department of Internal Affairs,ipv6.govt.nz,No,Public Service department
Department of Internal Affairs,jobs.govt.nz,Yes,Public Service department
Department of Internal Affairs,languageline.govt.nz,Yes,Public Service department
Department of Internal Affairs,lgc.govt.nz,No,Public Service department
Department of Internal Affairs,listening.govt.nz,No,Public Service department
Department of Internal Affairs,localcentral.govt.nz,Yes,Public Service department
Department of Internal Affairs,localcouncil.govt.nz,No,Public Service department
Department of Internal Affairs,localcouncils.govt.nz,No,Public Service department
Department of Internal Affairs,manyanswers.co.nz,No,Public Service department
Department of Internal Affairs,mixandmash.org.nz,No,Public Service department
Department of Internal Affairs,natlib.govt.nz,Yes,Public Service department
Department of Internal Affairs,newzealand.govt.nz,No,Public Service department
Department of Internal Affairs,nzresearch.org.nz,Yes,Public Service department
Department of Internal Affairs,ocvs.govt.nz,No,Public Service department
Department of Internal Affairs,passports.govt.nz,Yes,Public Service department
Department of Internal Affairs,peoplesnetwork.wordpress.com,No,Public Service department
Department of Internal Affairs,psd.govt.nz,No,Public Service department
Department of Internal Affairs,psi.govt.nz,Yes,Public Service department
Department of Internal Affairs,quakeappeal.govt.nz,Yes,Public Service department
Department of Internal Affairs,ratesinquiry.govt.nz,No,Public Service department
Department of Internal Affairs,ratesrebates.govt.nz,No,Public Service department
Department of Internal Affairs,realme.govt.nz,Yes,Public Service department
Department of Internal Affairs,records.archives.govt.nz,No,Public Service department
Department of Internal Affairs,royalcommission.govt.nz,No,Public Service department
Department of Internal Affairs,rulesreduction.govt.nz,No,Public Service department
Department of Internal Affairs,see.govt.nz,No,Public Service department
Department of Internal Affairs,selfassess.govt.nz,Yes,Public Service department
Department of Internal Affairs,smartstart.services.govt.nz,No,Public Service department
Department of Internal Affairs,spam.govt.nz,No,Public Service department
Department of Internal Affairs,stv.govt.nz,Yes,Public Service department
Department of Internal Affairs,thecommunityarchive.org.nz,No,Public Service department
Department of Internal Affairs,translate.govt.nz,No,Public Service department
Department of Internal Affairs,uiangapatai.govt.nz,No,Public Service department
Department of Internal Affairs,vietnamvetswg.govt.nz,No,Public Service department
Department of Internal Affairs,webtoolkit.govt.nz,No,Public Service department
Department of Internal Affairs,www.govt.nz,No,Public Service department
Drug Free Sport New Zealand,drugfreesport.org.nz,No,Independent Crown Entity
Dunedin City Council ,bigcities.govt.nz,No,City Council
Dunedin City Council ,dunedin.govt.nz,No,City Council
Dunedin City Council ,dunedinlibraries.govt.nz,Yes,City Council
Dunedin City Council ,qualityoflifeproject.govt.nz,No,City Council
Earthquake Commission,eqc.govt.nz,No,Crown Entity - Crown Agent
Earthquake Commission,geonet.org.nz,Yes,Crown Entity - Crown Agent
Education Council,educationcouncil.org.nz,No,Autonomous Crown Entity
Education Council,teacherscouncil.govt.nz,No,Autonomous Crown Entity
Education New Zealand,enz.govt.nz,No,Crown Entity - Crown Agent
Education New Zealand,newzealandeducated.com,No,Crown Entity - Crown Agent
Education New Zealand,studyinnewzealand.com,No,Crown Entity - Crown Agent
Education New Zealand,studyinnewzealand.govt.nz,No,Crown Entity - Crown Agent
Education Review Office ,ero.govt.nz,No,Public Service department
Electoral Commission,election.govt.nz,No,Independent Crown Entity
Electoral Commission,electionresults.govt.nz,No,Independent Crown Entity
Electoral Commission,elections.govt.nz,No,Independent Crown Entity
Electoral Commission,elections.org.nz,No,Independent Crown Entity
Electoral Commission,electionsnz.govt.nz,No,Independent Crown Entity
Electoral Commission,electorate.govt.nz,No,Independent Crown Entity
Electoral Commission,ivotenz.govt.nz,No,Independent Crown Entity
Electoral Commission,ivotenz.org.nz,Yes,Independent Crown Entity
Electoral Commission,mmpreview.govt.nz,No,Independent Crown Entity
Electricity Authority,ea.govt.nz,Yes,Independent Crown Entity
Electricity Authority,emi.ea.govt.nz,No,Independent Crown Entity
Electricity Authority,whatsmynumber.org.nz,No,Independent Crown Entity
Energy Efficiency and Conservation Authority ,eeca.govt.nz,No,Crown Entity - Crown Agent
Energy Efficiency and Conservation Authority ,eecabusiness.govt.nz,No,Crown Entity - Crown Agent
Energy Efficiency and Conservation Authority ,electricvehicles.govt.nz,Yes,Crown Entity - Crown Agent
Energy Efficiency and Conservation Authority ,energyspot.govt.nz,Yes,Crown Entity - Crown Agent
Energy Efficiency and Conservation Authority ,energywise.govt.nz,Yes,Crown Entity - Crown Agent
Energy Efficiency and Conservation Authority ,nabersnz.govt.nz,No,Crown Entity - Crown Agent
Environment Canterbury Regional Council,canterburymaps.govt.nz,No,Regional Council
Environment Canterbury Regional Council,cdemcanterbury.govt.nz,No,Regional Council
Environment Canterbury Regional Council,crc.govt.nz,No,Regional Council
Environment Canterbury Regional Council,ecan.govt.nz,No,Regional Council
Environmental Protection Authority,emissionsregister.govt.nz,Yes,Crown Entity - Crown Agent
Environmental Protection Authority,epa.govt.nz,No,Crown Entity - Crown Agent
External Reporting Board ,xrb.govt.nz,Yes,Independent Crown Entity
Families Commission,superu.govt.nz,No,Autonomous Crown Entity
Far North District Council,fndc.govt.nz,No,District Council
Far North District Council,fndcmaps.govt.nz,No,District Council
Financial Markets Authority ,fadc.govt.nz,No,Independent Crown Entity
Financial Markets Authority ,financialadvisercode.govt.nz,No,Independent Crown Entity
Financial Markets Authority ,fma.govt.nz,No,Independent Crown Entity
Financial Markets Authority ,investwisely.govt.nz,No,Independent Crown Entity
Financial Markets Authority ,sec-com.govt.nz,No,Independent Crown Entity
Financial Markets Authority ,seccom.govt.nz,No,Independent Crown Entity
Genesis Power Limited,genesisenergy.co.nz,No,Mixed Ownership Model company
Gisborne District Council ,cdemgisborne.govt.nz,No,District Council
Gisborne District Council ,gdc.govt.nz,No,District Council
Gisborne District Council ,gisborneemergency.govt.nz,Yes,District Council
Gisborne District Council ,gpl.govt.nz,Yes,District Council
Gore District Council,goredc.govt.nz,No,District Council
Gore District Council,gorelibraries.govt.nz,Yes,District Council
Government Communications Security Bureau ,gcsb.govt.nz,No,Public Service department
Government Communications Security Bureau ,ncsc.govt.nz,No,Public Service department
Government Communications Security Bureau ,nzic.govt.nz,Yes,Public Service department
Greater Wellington Regional Council ,gpiwellingtonregion.govt.nz,No,Regional Council
Greater Wellington Regional Council ,gw.govt.nz,No,Regional Council
Greater Wellington Regional Council ,letscarpool.govt.nz,Yes,Regional Council
Greater Wellington Regional Council ,wrs.govt.nz,No,Regional Council
Grey District Council ,greydc.govt.nz,No,District Council
Hamilton City Council,hamilton.govt.nz,Yes,City Council
Hamilton City Council,hcc.govt.nz,No,City Council
Hamilton City Council,hpl.govt.nz,Yes,City Council
Hamilton City Council,www.hamiltonlibraries.co.nz,Yes,City Council
Hastings District Council ,hastingsdc.govt.nz,No,District Council
Hauraki District Council,hauraki-dc.govt.nz,Yes,District Council
Hawke's Bay District Health Board,hawkesbay.health.nz,No,District Health Board
Hawkes Bay Regional Council ,cdemhawkesbay.govt.nz,No,Regional Council
Hawkes Bay Regional Council ,hawkesbayemergency.govt.nz,No,Regional Council
Hawkes Bay Regional Council ,hbemergency.govt.nz,No,Regional Council
Hawkes Bay Regional Council ,hbrc.govt.nz,No,Regional Council
Health Alliance,adhb.govt.nz,Yes,District Health Board
Health Alliance,akpublichealth.govt.nz,Yes,District Health Board
Health Alliance,arphs.govt.nz,Yes,District Health Board
Health Alliance,asianhealth.govt.nz,No,District Health Board
Health Alliance,aucklandhealthcareers.govt.nz,Yes,District Health Board
Health Alliance,refugeehealth.govt.nz,No,District Health Board
Health Alliance,waitematadhb.govt.nz,No,District Health Board
Health and Disability Commissioner,hdc.org.nz,No,Independent Crown Entity
Health Benefits Limited,hbl.co.nz,Yes,Crown Entity - Crown Agent
Health Promotion Agency,alac.org.nz,No,Crown Entity - Crown Agent
Health Promotion Agency,alcohol.org.nz,Yes,Crown Entity - Crown Agent
Health Promotion Agency,auahikore.org.nz,Yes,Crown Entity - Crown Agent
Health Promotion Agency,cervicalcancervaccine.govt.nz,Yes,Crown Entity - Crown Agent
Health Promotion Agency,choicenotchance.org.nz/#slider=0,No,Crown Entity - Crown Agent
Health Promotion Agency,depression.org.nz,No,Crown Entity - Crown Agent
Health Promotion Agency,eatmovelive.govt.nz,Yes,Crown Entity - Crown Agent
Health Promotion Agency,fluoridefacts.govt.nz,No,Crown Entity - Crown Agent
Health Promotion Agency,healthed.govt.nz,No,Crown Entity - Crown Agent
Health Promotion Agency,healthyfamilies.govt.nz,No,Crown Entity - Crown Agent
Health Promotion Agency,hpa.org.nz,No,Crown Entity - Crown Agent
Health Promotion Agency,kuraauahikore.org.nz,No,Crown Entity - Crown Agent
Health Promotion Agency,likeadrink.org.nz,No,Crown Entity - Crown Agent
Health Promotion Agency,likeminds.org.nz,No,Crown Entity - Crown Agent
Health Promotion Agency,notourfuture.co.nz,No,Crown Entity - Crown Agent
Health Promotion Agency,nutritionandactivity.govt.nz,Yes,Crown Entity - Crown Agent
Health Promotion Agency,problemgambling.org.nz,No,Crown Entity - Crown Agent
Health Promotion Agency,quit.org.nz,No,Crown Entity - Crown Agent
Health Promotion Agency,smokefree.org.nz,No,Crown Entity - Crown Agent
Health Promotion Agency,smokefreeschools.org.nz,No,Crown Entity - Crown Agent
Health Promotion Agency,stopbeforeyoustart.co.nz,Yes,Crown Entity - Crown Agent
Health Promotion Agency,sunsmart.org.nz,Yes,Crown Entity - Crown Agent
Health Promotion Agency,thelowdown.co.nz,No,Crown Entity - Crown Agent
Health Quality and Safety Commission,hqsc.govt.nz,Yes,Crown Entity - Crown Agent
Health Research Council Of New Zealand,hrc.govt.nz,Yes,Crown Entity - Crown Agent
High Performance Sport New Zealand,hpsnz.org.nz,Yes,Crown Entity - Crown Agent
Horizons Regional Council,horizons.govt.nz,No,Regional Council
Horizons Regional Council,kiawharite.govt.nz,No,Regional Council
Horizons Regional Council,mwcdemg.govt.nz,Yes,Regional Council
Horowhenua District Council,horowhenua.govt.nz,No,District Council
Housing New Zealand Corporation,chranz.co.nz,Yes,Crown Entity - Crown Agent
Housing New Zealand Corporation,hnzc.co.nz,Yes,Crown Entity - Crown Agent
Housing New Zealand Corporation,hnzc.govt.nz,No,Crown Entity - Crown Agent
Housing New Zealand Corporation,hobsonvillepoint.co.nz,No,Crown Entity - Crown Agent
Housing New Zealand Corporation,welcomehomeloan.co.nz,No,Crown Entity - Crown Agent
Human Rights Commission,hrc.co.nz,No,Independent Crown Entity
Hurunui District Council,hurunui.govt.nz,No,District Council
Hurunui District Council,hurunuilibrary.govt.nz,No,District Council
Hutt City Council ,huttcity.govt.nz,No,City Council
Independent Police Conduct Authority ,ipca.govt.nz,No,Independent Crown Entity
Inland Revenue Department,changingforyou.ird.govt.nz,No,Public Service department
Inland Revenue Department,ird.govt.nz,No,Public Service department
Inland Revenue Department,kiwisaver.govt.nz,No,Public Service department
Inland Revenue Department,makingtaxsimpler.ird.govt.nz,No,Public Service department
Inland Revenue Department,rewriteadvisory.govt.nz,No,Public Service department
Inland Revenue Department,taxpolicy.ird.govt.nz,No,Public Service department
Inland Revenue Department,whatstax.govt.nz,No,Public Service department
International Accreditation New Zealand ,ianz.govt.nz,No,Autonomous Crown Entity
Invercargill City Council ,icc.govt.nz,No,City Council
Invercargill City Council ,southlib.govt.nz,No,City Council
Kaikoura District Council,kaikoura.govt.nz,No,District Council
Kaipara District Council ,kaipara.govt.nz,No,District Council
Kapiti Coast District Council,kapiticoast.govt.nz,Yes,District Council
Kapiti Coast District Council,kapiticoastlibraries.govt.nz,No,District Council
Kapiti Coast District Council,kcdc.govt.nz,No,District Council
Kordia Group Limited,kordia.co.nz,No,State Owned Enterprise
Lakes District Health Board,lakesdhb.govt.nz,No,District Health Board
Lakes District Health Board,midlandshn.health.nz,No,District Health Board
Land Information New Zealand ,geodata.govt.nz,Yes,Public Service department
Land Information New Zealand ,geospatial.govt.nz,Yes,Public Service department
Land Information New Zealand ,landonline.govt.nz,Yes,Public Service department
Land Information New Zealand ,linz.govt.nz,Yes,Public Service department
Landcare Research,landcareresearch.co.nz,No,Crown entity company
Landcare Research,nzflora.landcareresearch.co.nz,No,Crown entity company
Landcare Research,soils.landcareresearch.co.nz,Yes,Crown entity company
Landcare Research ,floraseries.landcareresearch.co.nz,Yes,Crown entity company
Law Commission,lawcom.govt.nz,No,Independent Crown Entity
Leadership Development Centre,ldc.govt.nz,No,Trust
MacKenzie District Council,mackenzie.govt.nz,No,District Council
Manawatu District Council ,manawatu.govt.nz,No,District Council
Manawatu District Council ,mdc.govt.nz,Yes,District Council
Maritime New Zealand ,maritimenz.govt.nz,No,Crown Entity - Crown Agent
Marlborough District Council,marlborough.govt.nz,No,District Council
Marlborough District Council,marlboroughlibraries.govt.nz,No,District Council
Masterton District Council,mstn.govt.nz,No,District Council
Matamata-Piako District Council ,mpdc.govt.nz,No,District Council
Meridian Energy Limited,meridianenergy.co.nz,No,Mixed Ownership Model company
MidCentral District Health Board,midcentraldhb.govt.nz,Yes,District Health Board
Midwifery Council of New Zealand,midwiferycouncil.health.nz,No,Regulatory Authority
Mighty River Power Limited,mightyriver.co.nz,No,Mixed Ownership Model company
Ministry for Culture and Heritage,28maoribattalion.org.nz,No,Public Service department
Ministry for Culture and Heritage,anzac.govt.nz,No,Public Service department
Ministry for Culture and Heritage,dnzb.govt.nz,Yes,Public Service department
Ministry for Culture and Heritage,firstworldwar.govt.nz,Yes,Public Service department
Ministry for Culture and Heritage,goingdigital.co.nz,Yes,Public Service department
Ministry for Culture and Heritage,heritageequip.govt.nz,Yes,Public Service department
Ministry for Culture and Heritage,mch.govt.nz,No,Public Service department
Ministry for Culture and Heritage,ngatapuwae.govt.nz,No,Public Service department
Ministry for Culture and Heritage,nzhistory.govt.nz,No,Public Service department
Ministry for Culture and Heritage,protected-objects.govt.nz,Yes,Public Service department
Ministry for Culture and Heritage,quakestories.govt.nz,No,Public Service department
Ministry for Culture and Heritage,teara.govt.nz,No,Public Service department
Ministry for Culture and Heritage,tiritiowaitangi.govt.nz,No,Public Service department
Ministry for Culture and Heritage,treatyofwaitangi.govt.nz,Yes,Public Service department
Ministry for Culture and Heritage,vietnamwar.govt.nz,No,Public Service department
Ministry for Culture and Heritage,ww100.govt.nz,Yes,Public Service department
Ministry for Pacific Peoples ,mpia.govt.nz,No,Public Service department
Ministry for Pacific Peoples ,mpp.govt.nz,Yes,Public Service department
Ministry for Primary Industries,aquaculture.govt.nz,Yes,Public Service department
Ministry for Primary Industries,biosecurity.govt.nz,Yes,Public Service department
Ministry for Primary Industries,fish.govt.nz,Yes,Public Service department
Ministry for Primary Industries,foodprotection.govt.nz,Yes,Public Service department
Ministry for Primary Industries,foodsafety.govt.nz,No,Public Service department
Ministry for Primary Industries,fs.fish.govt.nz/Page.aspx?pk=91,No,Public Service department
Ministry for Primary Industries,gia.org.nz,No,Public Service department
Ministry for Primary Industries,maf.govt.nz,Yes,Public Service department
Ministry for Primary Industries,mpi.govt.nz,No,Public Service department
Ministry for Primary Industries,nzfsa.govt.nz,Yes,Public Service department
Ministry for the Environment,climatechange.govt.nz,No,Public Service department
Ministry for the Environment,environment.govt.nz,No,Public Service department
Ministry for the Environment,greeningthescreen.co.nz,No,Public Service department
Ministry for the Environment,mfe.govt.nz,Yes,Public Service department
Ministry for the Environment,qualityplanning.org.nz,Yes,Public Service department
Ministry for the Environment,rma.govt.nz,No,Public Service department
Ministry for the Environment,tvtakeback.govt.nz,Yes,Public Service department
Ministry for the Environment,wastelevy.govt.nz,No,Public Service department
Ministry for the Environment,waterefficiency.govt.nz,No,Public Service department
Ministry for Vulnerable Children Oranga Tamariki,mvcot.govt.nz,No,Public Service department
Ministry for Women ,mwa.govt.nz,No,Public Service department
Ministry for Women ,nacew.govt.nz,No,Public Service department
Ministry for Women ,women.govt.nz,No,Public Service department
"Ministry of Business, Innovation and Employment",broadband.govt.nz,No,Public Service department
"Ministry of Business, Innovation and Employment",broadbandmap.govt.nz,No,Public Service department
"Ministry of Business, Innovation and Employment",builders.govt.nz,No,Public Service department
"Ministry of Business, Innovation and Employment",building.govt.nz,No,Public Service department
"Ministry of Business, Innovation and Employment",buildingvalue.co.nz,No,Public Service department
"Ministry of Business, Innovation and Employment",builditright.govt.nz,No,Public Service department
"Ministry of Business, Innovation and Employment",business-migrants.govt.nz,Yes,Public Service department
"Ministry of Business, Innovation and Employment",business.govt.nz,No,Public Service department
"Ministry of Business, Innovation and Employment",businessdata.govt.nz,Yes,Public Service department
"Ministry of Business, Innovation and Employment",cert.govt.nz,No,Public Service department
"Ministry of Business, Innovation and Employment",companies.govt.nz,No,Public Service department
"Ministry of Business, Innovation and Employment",companiesoffice.govt.nz,No,Public Service department
"Ministry of Business, Innovation and Employment",consumeraffairs.govt.nz,Yes,Public Service department
"Ministry of Business, Innovation and Employment",consumerbuild.org.nz,No,Public Service department
"Ministry of Business, Innovation and Employment",consumerprotection.govt.nz,No,Public Service department
"Ministry of Business, Innovation and Employment",crownminerals.govt.nz,No,Public Service department
"Ministry of Business, Innovation and Employment",dbh.govt.nz,No,Public Service department
"Ministry of Business, Innovation and Employment",dol.govt.nz,Yes,Public Service department
"Ministry of Business, Innovation and Employment",employment.govt.nz,Yes,Public Service department
"Ministry of Business, Innovation and Employment",energysafety.govt.nz,Yes,Public Service department
"Ministry of Business, Innovation and Employment",era.govt.nz,No,Public Service department
"Ministry of Business, Innovation and Employment",ess.govt.nz,No,Public Service department
"Ministry of Business, Innovation and Employment",ewr.govt.nz,No,Public Service department
"Ministry of Business, Innovation and Employment",ewrb.govt.nz,Yes,Public Service department
"Ministry of Business, Innovation and Employment",foodandbeverage.govt.nz,No,Public Service department
"Ministry of Business, Innovation and Employment",frst.govt.nz,Yes,Public Service department
"Ministry of Business, Innovation and Employment",fspr.govt.nz,No,Public Service department
"Ministry of Business, Innovation and Employment",g2b.govt.nz,No,Public Service department
"Ministry of Business, Innovation and Employment",gets.govt.nz,No,Public Service department
"Ministry of Business, Innovation and Employment",gpg.govt.nz,No,Public Service department
"Ministry of Business, Innovation and Employment",hstaskforce.govt.nz,No,Public Service department
"Ministry of Business, Innovation and Employment",iaa.govt.nz,No,Public Service department
"Ministry of Business, Innovation and Employment",immigration.govt.nz,Yes,Public Service department
"Ministry of Business, Innovation and Employment",insolvency.govt.nz,No,Public Service department
"Ministry of Business, Innovation and Employment",investmentnow.govt.nz,No,Public Service department
"Ministry of Business, Innovation and Employment",iponz.govt.nz,Yes,Public Service department
"Ministry of Business, Innovation and Employment",lbp.govt.nz,Yes,Public Service department
"Ministry of Business, Innovation and Employment",leakyhomes.govt.nz,Yes,Public Service department
"Ministry of Business, Innovation and Employment",limitedpartnerships.govt.nz,No,Public Service department
"Ministry of Business, Innovation and Employment",loanstress.govt.nz,Yes,Public Service department
"Ministry of Business, Innovation and Employment",majorevents.govt.nz,Yes,Public Service department
"Ministry of Business, Innovation and Employment",mbie.govt.nz,No,Public Service department
"Ministry of Business, Innovation and Employment",med.govt.nz,Yes,Public Service department
"Ministry of Business, Innovation and Employment",minhousing.govt.nz,No,Public Service department
"Ministry of Business, Innovation and Employment",morst.govt.nz,No,Public Service department
"Ministry of Business, Innovation and Employment",motortraders.govt.nz,Yes,Public Service department
"Ministry of Business, Innovation and Employment",movetonz.govt.nz,No,Public Service department
"Ministry of Business, Innovation and Employment",msi.govt.nz,No,Public Service department
"Ministry of Business, Innovation and Employment",networkzonline.govt.nz,No,Public Service department
"Ministry of Business, Innovation and Employment",newzealandnow.govt.nz,Yes,Public Service department
"Ministry of Business, Innovation and Employment",nzbn.govt.nz,No,Public Service department
"Ministry of Business, Innovation and Employment",nzis.govt.nz,No,Public Service department
"Ministry of Business, Innovation and Employment",nzpam.govt.nz,No,Public Service department
"Ministry of Business, Innovation and Employment",opportunitycanterbury.org.nz,No,Public Service department
"Ministry of Business, Innovation and Employment",osh.govt.nz,No,Public Service department
"Ministry of Business, Innovation and Employment",pmcoe.govt.nz,No,Public Service department
"Ministry of Business, Innovation and Employment",powerswitch.org.nz,Yes,Public Service department
"Ministry of Business, Innovation and Employment",ppsr.govt.nz,No,Public Service department
"Ministry of Business, Innovation and Employment",procurement.govt.nz,No,Public Service department
"Ministry of Business, Innovation and Employment",pvr.govt.nz,Yes,Public Service department
"Ministry of Business, Innovation and Employment",recalls.govt.nz,No,Public Service department
"Ministry of Business, Innovation and Employment",remauthority.govt.nz,No,Public Service department
"Ministry of Business, Innovation and Employment",retirementvillages.govt.nz,No,Public Service department
"Ministry of Business, Innovation and Employment",rsm.govt.nz,No,Public Service department
"Ministry of Business, Innovation and Employment",scamwatch.govt.nz,No,Public Service department
"Ministry of Business, Innovation and Employment",shu.govt.nz,No,Public Service department
"Ministry of Business, Innovation and Employment",ska.govt.nz,No,Public Service department
"Ministry of Business, Innovation and Employment",smarterhomes.org.nz,Yes,Public Service department
"Ministry of Business, Innovation and Employment",societies.govt.nz,No,Public Service department
"Ministry of Business, Innovation and Employment",ssnz.govt.nz,No,Public Service department
"Ministry of Business, Innovation and Employment",standards.govt.nz,No,Public Service department
"Ministry of Business, Innovation and Employment",tenancy.govt.nz,No,Public Service department
"Ministry of Business, Innovation and Employment",tourism.govt.nz,Yes,Public Service department
"Ministry of Business, Innovation and Employment",tourismresearch.govt.nz,Yes,Public Service department
"Ministry of Business, Innovation and Employment",volunteernet.org.nz,Yes,Public Service department
"Ministry of Business, Innovation and Employment",vri.govt.nz,No,Public Service department
"Ministry of Business, Innovation and Employment",weathertightness.govt.nz,Yes,Public Service department
Ministry of Education,asia-knowledge.tki.org.nz,Yes,Public Service department
Ministry of Education,education.govt.nz,Yes,Public Service department
Ministry of Education,educationalleaders.govt.nz,Yes,Public Service department
Ministry of Education,educationcounts.govt.nz,No,Public Service department
Ministry of Education,educationnz.govt.nz,No,Public Service department
Ministry of Education,ile.education.govt.nz,No,Public Service department
Ministry of Education,kahuiako.education.govt.nz,No,Public Service department
Ministry of Education,minedu.govt.nz,No,Public Service department
Ministry of Education,ncea.tki.org.nz,No,Public Service department
Ministry of Education,novopay.govt.nz,No,Public Service department
Ministry of Education,nzcurriculum.tki.org.nz,No,Public Service department
Ministry of Education,nzmaths.co.nz,No,Public Service department
Ministry of Education,property.education.govt.nz,No,Public Service department
Ministry of Education,rtlb.tki.org.nz,No,Public Service department
Ministry of Education,shapingeducation.govt.nz,No,Public Service department
Ministry of Education,steo.govt.nz,Yes,Public Service department
Ministry of Education,studyit.org.nz,Yes,Public Service department
Ministry of Education,teachnz.govt.nz,No,Public Service department
Ministry of Education,tki.org.nz,No,Public Service department
Ministry of Education,UiaNgaPatai.co.nz,Yes,Public Service department
Ministry of Education,unesco.govt.nz,Yes,Public Service department
Ministry of Education,vln.school.nz,No,Public Service department
Ministry of Education,wicked.org.nz,No,Public Service department
Ministry of Foreign Affairs and Trade,aid.govt.nz,No,Public Service department
Ministry of Foreign Affairs and Trade,chinafta.govt.nz,No,Public Service department
Ministry of Foreign Affairs and Trade,mfat.govt.nz,Yes,Public Service department
Ministry of Foreign Affairs and Trade,mfatimages.smugmug.com,No,Public Service department
Ministry of Foreign Affairs and Trade,mft.govt.nz,Yes,Public Service department
Ministry of Foreign Affairs and Trade,nzaid.govt.nz,No,Public Service department
Ministry of Foreign Affairs and Trade,nzembassy.com,No,Public Service department
Ministry of Foreign Affairs and Trade,nzpsi.govt.nz,No,Public Service department
Ministry of Foreign Affairs and Trade,nzunsc.govt.nz,No,Public Service department
Ministry of Foreign Affairs and Trade,safetravel.govt.nz,Yes,Public Service department
Ministry of Foreign Affairs and Trade,tradebarriers.govt.nz,No,Public Service department
Ministry of Health,aniva.co.nz,No,Public Service department
Ministry of Health,anztpa.govt.nz,Yes,Public Service department
Ministry of Health,breastscreen.govt.nz,No,Public Service department
Ministry of Health,cancercontrolnz.govt.nz,Yes,Public Service department
Ministry of Health,cervicalscreening.govt.nz,No,Public Service department
Ministry of Health,csi.org.nz,No,Public Service department
Ministry of Health,drughelp.org.nz,No,Public Service department
Ministry of Health,electiveservices.govt.nz,Yes,Public Service department
Ministry of Health,health.govt.nz,No,Public Service department
Ministry of Health,healthemis.govt.nz,No,Public Service department
Ministry of Health,healthline.govt.nz,No,Public Service department
Ministry of Health,healthworkforce.govt.nz,Yes,Public Service department
Ministry of Health,hiirc.org.nz,No,Public Service department
Ministry of Health,hikb.govt.nz,No,Public Service department
Ministry of Health,hisac.govt.nz,Yes,Public Service department
Ministry of Health,immunise.govt.nz,No,Public Service department
Ministry of Health,improvementmethodology.govt.nz,No,Public Service department
Ministry of Health,ithealthboard.health.nz,No,Public Service department
Ministry of Health,learnonline.health.nz,No,Public Service department
Ministry of Health,maorihealth.govt.nz,Yes,Public Service department
Ministry of Health,medsafe.govt.nz,No,Public Service department
Ministry of Health,methhelp.org.nz,Yes,Public Service department
Ministry of Health,moh.govt.nz,No,Public Service department
Ministry of Health,naso.govt.nz,No,Public Service department
Ministry of Health,ndp.govt.nz,No,Public Service department
Ministry of Health,nsu.govt.nz,No,Public Service department
Ministry of Health,nzhis.govt.nz,No,Public Service department
Ministry of Health,pothelp.org.nz,No,Public Service department
Ministry of Health,publichealthworkforce.org.nz,Yes,Public Service department
Ministry of Justice,cap.govt.nz,Yes,Public Service department
Ministry of Justice,chiefvictimsadvisor.justice.govt.nz,No,Public Service department
Ministry of Justice,courts.govt.nz,No,Public Service department
Ministry of Justice,courtsofnz.govt.nz,No,Public Service department
Ministry of Justice,criminaljustice.govt.nz,Yes,Public Service department
Ministry of Justice,disputestribunal.govt.nz,No,Public Service department
Ministry of Justice,districtcourts.govt.nz,No,Public Service department
Ministry of Justice,employmentcourt.govt.nz,No,Public Service department
Ministry of Justice,environmentcourt.govt.nz,No,Public Service department
Ministry of Justice,fines.govt.nz,No,Public Service department
Ministry of Justice,gwn.govt.nz,No,Public Service department
Ministry of Justice,igis.govt.nz,No,Public Service department
Ministry of Justice,ijs.govt.nz,No,Public Service department
Ministry of Justice,justice.govt.nz,No,Public Service department
Ministry of Justice,legalservicescommissioner.govt.nz,Yes,Public Service department
Ministry of Justice,lsa.govt.nz,Yes,Public Service department
Ministry of Justice,maorilandcourt.govt.nz,No,Public Service department
Ministry of Justice,maorilandonline.govt.nz,No,Public Service department
Ministry of Justice,ots.govt.nz,No,Public Service department
Ministry of Justice,payorstay.govt.nz,No,Public Service department
Ministry of Justice,pds.govt.nz,No,Public Service department
Ministry of Justice,pspla.govt.nz,No,Public Service department
Ministry of Justice,tenancytribunal.govt.nz,No,Public Service department
Ministry of Justice,victimsinfo.govt.nz,No,Public Service department
Ministry of Justice,waitangi-tribunal.govt.nz,Yes,Public Service department
Ministry of Justice,waitangitribunal.govt.nz,No,Public Service department
Ministry of Justice,youthcourt.govt.nz,Yes,Public Service department
Ministry of Social Development,areyouok.org.nz,No,Public Service department
Ministry of Social Development,childrensactionplan.govt.nz,Yes,Public Service department
Ministry of Social Development,contractmapping.govt.nz,No,Public Service department
Ministry of Social Development,cyf.govt.nz,Yes,Public Service department
Ministry of Social Development,hcn.govt.nz,No,Public Service department
Ministry of Social Development,heartlandservices.govt.nz,No,Public Service department
Ministry of Social Development,msd.govt.nz,Yes,Public Service department
Ministry of Social Development,myd.govt.nz,No,Public Service department
Ministry of Social Development,odi.govt.nz,No,Public Service department
Ministry of Social Development,osc.govt.nz,Yes,Public Service department
Ministry of Social Development,quakeaccommodation.govt.nz,No,Public Service department
Ministry of Social Development,seniorcitizens.govt.nz,Yes,Public Service department
Ministry of Social Development,sia.govt.nz,No,Public Service department
Ministry of Social Development,siu.govt.nz,No,Public Service department
Ministry of Social Development,socialhousing.govt.nz,No,Public Service department
Ministry of Social Development,socialpolicy.govt.nz,No,Public Service department
Ministry of Social Development,spear.govt.nz,Yes,Public Service department
Ministry of Social Development,strengtheningfamilies.govt.nz,No,Public Service department
Ministry of Social Development,studylink.govt.nz,Yes,Public Service department
Ministry of Social Development,supergold.govt.nz,Yes,Public Service department
Ministry of Social Development,thinkdifferently.org.nz,Yes,Public Service department
Ministry of Social Development,viki.govt.nz,No,Public Service department
Ministry of Social Development,wff.govt.nz,Yes,Public Service department
Ministry of Social Development,winz.govt.nz,Yes,Public Service department
Ministry of Social Development,workandincome.govt.nz,No,Public Service department
Ministry of Social Development,workingforfamilies.govt.nz,Yes,Public Service department
Ministry of Social Development,youthaffairs.govt.nz,No,Public Service department
Ministry of Social Development,youthdevelopment.govt.nz,Yes,Public Service department
Ministry of Social Development,youthparliament.govt.nz,No,Public Service department
Ministry of Social Development,youthservice.govt.nz,Yes,Public Service department
Ministry of Social Development,youthvoices.govt.nz,No,Public Service department
Ministry of Transport,adventuresmart.org.nz,No,Public Service department
Ministry of Transport,maliat.govt.nz,Yes,Public Service department
Ministry of Transport,mot.govt.nz,No,Public Service department
Ministry of Transport,nzsar.govt.nz,No,Public Service department
Ministry of Transport,saferjourneys.govt.nz,Yes,Public Service department
Ministry of Transport,searchandrescuecouncil.org.nz,Yes,Public Service department
Ministry of Transport,transport.govt.nz,No,Public Service department
Museum of New Zealand Te Papa Tongarewa,tepapa.govt.nz,No,Autonomous Crown Entity
Museum of New Zealand Te Papa Tongarewa,treaty2u.govt.nz,No,Autonomous Crown Entity
Napier City Council ,napier.govt.nz,No,City Council
National Institute of Water and Atmospheric Research,niwa.co.nz,No,Crown entity company
Nelson City Council,ncc.govt.nz,No,City Council
Nelson City Council,nelson.govt.nz,No,City Council
Nelson City Council,nelsonpubliclibraries.govt.nz,Yes,City Council
Nelson City Council,nrsbu.govt.nz,No,City Council
Nelson Marlborough District Health Board,nmdhb.govt.nz,No,District Health Board
Nelson Marlborough District Health Board,nmhs.govt.nz,No,District Health Board
New Plymouth District Council,newplymouth.govt.nz,No,District Council
New Zealand Antarctic Institute,scottbase50years.co.nz,No,Crown Entity - Crown Agent
New Zealand Artificial Limb Service ,nzalb.govt.nz,No,Autonomous Crown Entity
New Zealand Artificial Limb Service ,nzals.govt.nz,Yes,Autonomous Crown Entity
New Zealand Blood Service,nzblood.co.nz,No,Crown Entity - Crown Agent
New Zealand Blood Service,nzblood.govt.nz,Yes,Crown Entity - Crown Agent
New Zealand Blood Service,startafanclub.co.nz,No,Crown Entity - Crown Agent
New Zealand Council for Educational Research,nzcer.org.nz,No,Other
New Zealand Customs Service,contrabandmagazine.org.nz,No,Non-Public Service department
New Zealand Customs Service,customs.govt.nz,Yes,Non-Public Service department
New Zealand Customs Service,jbmsconsultation.govt.nz,Yes,Non-Public Service department
New Zealand Customs Service,tsw.govt.nz,No,Non-Public Service department
New Zealand Customs Service,whatsmyduty.org.nz,Yes,Non-Public Service department
New Zealand Defence Force,airforce.mil.nz,No,Non-Public Service department
New Zealand Defence Force,airforcemuseum.co.nz,Yes,Non-Public Service department
New Zealand Defence Force,armymuseum.co.nz,No,Non-Public Service department
New Zealand Defence Force,cadetforces.mil.nz,No,Non-Public Service department
New Zealand Defence Force,defence.govt.nz,Yes,Non-Public Service department
New Zealand Defence Force,defencecareers.mil.nz,No,Non-Public Service department
New Zealand Defence Force,desc.govt.nz,No,Non-Public Service department
New Zealand Defence Force,homebase.mil.nz,Yes,Non-Public Service department
New Zealand Defence Force,medals.nzdf.mil.nz,No,Non-Public Service department
New Zealand Defence Force,navy.mil.nz,Yes,Non-Public Service department
New Zealand Defence Force,navymuseum.mil.nz,No,Non-Public Service department
New Zealand Defence Force,nzdf.mil.nz,No,Non-Public Service department
New Zealand Defence Force,reserves.mil.nz,Yes,Non-Public Service department
New Zealand Defence Force,veteransaffairs.mil.nz,No,Non-Public Service department
New Zealand Film Commission,nzfilm.co.nz,No,Autonomous Crown Entity
New Zealand Fire Service Commission,fire.org.nz,Yes,Crown Entity - Crown Agent
New Zealand Fire Service Commission,incidents.fire.org.nz,No,Crown Entity - Crown Agent
New Zealand Fish and Game Council,fishandgame.org.nz,Yes,Public Finance Act Fourth Schedule Organisation
New Zealand Lotteries Commission,mylotto.co.nz,Yes,Autonomous Crown Entity
New Zealand Optometrists and Dispensing Opticians Board,odob.health.nz,No,Regulatory Authority
New Zealand Police,111.govt.nz,No,Non-Public Service department
New Zealand Police,buster.org.nz,Yes,Non-Public Service department
New Zealand Police,crl.govt.nz,No,Non-Public Service department
New Zealand Police,forms.police.govt.nz/forms/single-non-emergency-number/31,No,Non-Public Service department
New Zealand Police,https://login.microsoftonline.com/6306a8db-97db-41dd-be02-77541bd7cffb/oauth2/authorize?client_id=cc522d88-4391-429a-a444-,No,Non-Public Service department
New Zealand Police,isr.govt.nz,No,Non-Public Service department
New Zealand Police,newcops.co.nz,No,Non-Public Service department
New Zealand Police,ofcanz.govt.nz,No,Non-Public Service department
New Zealand Police,police.govt.nz,Yes,Non-Public Service department
New Zealand Police,snen.govt.nz,No,Non-Public Service department
New Zealand Police,womeninblue.co.nz,No,Non-Public Service department
New Zealand Post Limited,kiwibank.co.nz,Yes,State Owned Enterprise
New Zealand Post Limited,nzpost.co.nz,Yes,State Owned Enterprise
New Zealand Productivity Commission ,productivity.govt.nz,No,Independent Crown Entity
New Zealand Public Health Observatory,nzpho.org.nz,No,Crown entity company
New Zealand Qualifications Authority,kiwiquals.govt.nz,No,Crown Entity - Crown Agent
New Zealand Qualifications Authority,ncea.govt.nz,No,Crown Entity - Crown Agent
New Zealand Qualifications Authority,neic.govt.nz,Yes,Crown Entity - Crown Agent
New Zealand Qualifications Authority,nzqa.govt.nz,No,Crown Entity - Crown Agent
New Zealand Qualifications Authority,nzqf.govt.nz,No,Crown Entity - Crown Agent
New Zealand Qualifications Authority,nzscholarship.govt.nz,Yes,Crown Entity - Crown Agent
New Zealand Qualifications Authority,qualifications.govt.nz,No,Crown Entity - Crown Agent
New Zealand Qualifications Authority,qualsregister.govt.nz,No,Crown Entity - Crown Agent
New Zealand Qualifications Authority,scholarship.govt.nz,No,Crown Entity - Crown Agent
New Zealand Qualifications Authority,topart.govt.nz,Yes,Crown Entity - Crown Agent
New Zealand Racing Board,nzracingboard.co.nz,No,Statutory Body
New Zealand Racing Board,tab.co.nz,No,Statutory Body
New Zealand Racing Board,theraces.co.nz,No,Statutory Body
New Zealand Security Intelligence Service ,nzsis.govt.nz,No,Non-Public Service department
New Zealand Security Intelligence Service ,protectivesecurity.govt.nz,Yes,Non-Public Service department
New Zealand Security Intelligence Service ,security.govt.nz,No,Non-Public Service department
New Zealand Symphony Orchestra,nzso.co.nz,Yes,Autonomous Crown Entity
New Zealand Tourism Board,images.newzealand.com,No,Crown Entity - Crown Agent
New Zealand Tourism Board,newzealand.com,Yes,Crown Entity - Crown Agent
New Zealand Tourism Board,tourismnewzealand.com,Yes,Crown Entity - Crown Agent
New Zealand Trade and Enterprise,g2g.govt.nz,Yes,Crown Entity - Crown Agent
New Zealand Trade and Enterprise,investmentnz.govt.nz,No,Crown Entity - Crown Agent
New Zealand Trade and Enterprise,investnewzealand.govt.nz,No,Crown Entity - Crown Agent
New Zealand Trade and Enterprise,newzealandtrade-enterprise.govt.nz,No,Crown Entity - Crown Agent
New Zealand Trade and Enterprise,nzstory.govt.nz,No,Crown Entity - Crown Agent
New Zealand Trade and Enterprise,nzte.govt.nz,Yes,Crown Entity - Crown Agent
New Zealand Trade and Enterprise,projectlink.co.nz,No,Crown Entity - Crown Agent
New Zealand Trade and Enterprise,projectlink.govt.nz,No,Crown Entity - Crown Agent
New Zealand Transport Agency,aucklandmotorways.com,No,Crown Entity - Crown Agent
New Zealand Transport Agency,bikewise.co.nz,No,Crown Entity - Crown Agent
New Zealand Transport Agency,crashtest.govt.nz,No,Crown Entity - Crown Agent
New Zealand Transport Agency,drive.govt.nz,Yes,Crown Entity - Crown Agent
New Zealand Transport Agency,feetfirst.govt.nz,No,Crown Entity - Crown Agent
New Zealand Transport Agency,fuelsave.govt.nz,No,Crown Entity - Crown Agent
New Zealand Transport Agency,fuelsaver.govt.nz,No,Crown Entity - Crown Agent
New Zealand Transport Agency,giveway.govt.nz,No,Crown Entity - Crown Agent
New Zealand Transport Agency,highwayinfo.govt.nz,No,Crown Entity - Crown Agent
New Zealand Transport Agency,landtransport.govt.nz,Yes,Crown Entity - Crown Agent
New Zealand Transport Agency,nzta.govt.nz,Yes,Crown Entity - Crown Agent
New Zealand Transport Agency,onthemove.govt.nz,No,Crown Entity - Crown Agent
New Zealand Transport Agency,practice.co.nz,Yes,Crown Entity - Crown Agent
New Zealand Transport Agency,rightcar.govt.nz,No,Crown Entity - Crown Agent
New Zealand Transport Agency,roadsafety.govt.nz,No,Crown Entity - Crown Agent
New Zealand Transport Agency,safednz.govt.nz,No,Crown Entity - Crown Agent
New Zealand Transport Agency,tfk.govt.nz,Yes,Crown Entity - Crown Agent
New Zealand Transport Agency,tollroad.govt.nz,No,Crown Entity - Crown Agent
New Zealand Transport Agency,tolls.govt.nz,No,Crown Entity - Crown Agent
New Zealand Transport Agency,transfund.govt.nz,No,Crown Entity - Crown Agent
New Zealand Transport Agency,transit.govt.nz,No,Crown Entity - Crown Agent
New Zealand Walking Access Commission ,walkingaccess.govt.nz,No,Crown Entity - Crown Agent
Northland District Health Board,northlanddhb.org.nz,Yes,District Health Board
Northland Regional Council,nrc.govt.nz,No,Regional Council
NZ on Air,audioculture.co.nz,No,Autonomous Crown Entity
NZ on Air,nzonair.govt.nz,No,Autonomous Crown Entity
Office of Film and Literature Classification,censor.org.nz,No,Independent Crown Entity
Office of Film and Literature Classification,censorship.govt.nz,Yes,Independent Crown Entity
Office of Film and Literature Classification,classificationoffice.govt.nz,Yes,Independent Crown Entity
Office of the Auditor-General,auditnz.govt.nz,No,Offices of Parliament
Office of the Auditor-General,auditor-general.parliament.nz,No,Offices of Parliament
Office of the Auditor-General,blog.oag.govt.nz,No,Offices of Parliament
Office of the Auditor-General,oag.govt.nz,No,Offices of Parliament
Office of the Ombudsman ,ombudsman.govt.nz,No,Offices of Parliament
Office of the Ombudsman ,ombudsman.parliament.nz,No,Offices of Parliament
Office of the Ombudsman ,ombudsmen.govt.nz,No,Offices of Parliament
Office of the Ombudsman ,ombudsmen.parliament.nz,No,Offices of Parliament
Otago Museum,otagomuseum.govt.nz,No,Other
Otago Regional Council ,otagocdem.govt.nz,No,Regional Council
Otorohanga District Council ,otodc.govt.nz,No,District Council
Pacific Co-operation Foundation,pcf.org.nz,No,Public Finance Act Fourth Schedule Organisation
Pacific Island Business Development Trust,pacificbusiness.co.nz,No,Public Finance Act Fourth Schedule Organisation
Palmerston North City Council,lgcareers.co.nz/redirection-message,No,City Council
Palmerston North City Council,localgovernmentcareers.govt.nz,No,City Council
Palmerston North City Council,palmerstonnorth.govt.nz,No,City Council
Palmerston North City Council,pncc.govt.nz,No,City Council
Parliamentary Counsel Office,legislation.govt.nz,No,Non-Public Service department
Parliamentary Counsel Office,pco.govt.nz,No,Non-Public Service department
Parliamentary Service ,ministers.govt.nz,No,Non-Public Service department
Parliamentary Service ,parliament.govt.nz,No,Non-Public Service department
Parliamentary Service ,pce.parliament.nz,No,Offices of Parliament
Parliamentary Service ,primeminister.govt.nz,No,Non-Public Service department
Parliamentary Service ,secure.parliament.nz,No,Non-Public Service department
Parliamentary Service ,www.parliament.nz,No,Non-Public Service department
Pharmaceutical Management Agency (PHARMAC),pharmac.govt.nz,No,Crown Entity - Crown Agent
Pharmaceutical Management Agency (PHARMAC),pharmac.health.nz,Yes,Crown Entity - Crown Agent
Pharmaceutical Management Agency (PHARMAC),pharmac.co.nz,Yes,Crown Entity - Crown Agent
Pharmaceutical Management Agency (PHARMAC),pharmac.nz,Yes,Crown Entity - Crown Agent
Pharmaceutical Management Agency (PHARMAC),healthsector.pharmac.health.nz,No,Crown Entity - Crown Agent
Pharmaceutical Management Agency (PHARMAC),careers.pharmac.govt.nz,No,Crown Entity - Crown Agent
Pharmaceutical Management Agency (PHARMAC),spacetobreathe.co.nz,No,Crown Entity - Crown Agent
Pharmaceutical Management Agency (PHARMAC),spacetobreathe.org.nz,Yes,Crown Entity - Crown Agent
Pharmaceutical Management Agency (PHARMAC),schedule.co.nz,No,Crown Entity - Crown Agent
Pharmaceutical Management Agency (PHARMAC),schedule.net.nz,Yes,Crown Entity - Crown Agent
Pharmaceutical Management Agency (PHARMAC),schedule.org.nz,Yes,Crown Entity - Crown Agent
Pharmaceutical Management Agency (PHARMAC),oneheartmanylives.co.nz,No,Crown Entity - Crown Agent
Pharmaceutical Management Agency (PHARMAC),bcpice.pharmac.govt.nz,No,Crown Entity - Crown Agent
Pharmaceutical Management Agency (PHARMAC),bcpice.co.nz,Yes,Crown Entity - Crown Agent
Pharmaceutical Management Agency (PHARMAC),in-tendhost.co.uk/pharmac/aspx/Home,No,Crown Entity - Crown Agent
Porirua City Council,pcc.govt.nz,No,City Council
Privacy Commissioner,privacy.org.nz,No,Independent Crown Entity
Public Trust,publictrust.co.nz,No,Autonomous Crown Entity
Queenstown Lakes District Council,codc-qldc.govt.nz,No,District Council
Queenstown Lakes District Council,qldc.govt.nz,No,District Council
Quotable Value Limited,qv.co.nz,No,State Owned Enterprise
Rangitikei District Council,rangdc.govt.nz,No,District Council
Rangitikei District Council,rangitikei.govt.nz,No,District Council
Real Estate Agents Authority,reaa.govt.nz,No,Crown Entity - Crown Agent
Research and Education Advanced Network New Zealand Limited,reannz.co.nz,No,Crown entity company
Reserve Bank of New Zealand ,rbnz.govt.nz,Yes,Reserve Bank of New Zealand
Reserve Bank of New Zealand ,rbnzmuseum.govt.nz,No,Reserve Bank of New Zealand
Reserve Bank of New Zealand ,reservebank.govt.nz,Yes,Reserve Bank of New Zealand
Reserve Bank of New Zealand ,reservebankmuseum.govt.nz,No,Reserve Bank of New Zealand
Rotorua District Council ,rdc.govt.nz,Yes,District Council
Rotorua District Council ,rotorualibrary.govt.nz,No,District Council
Rotorua District Council ,www.rotorualakescouncil.nz,No,District Council
Ruapehu District Council,ruapehudc.govt.nz,No,District Council
Selwyn District Council ,selwyn.govt.nz,No,District Council
Serious Fraud Office ,sfo.govt.nz,Yes,Public Service department
Social Workers Registration Board ,swrb.govt.nz,No,Crown Entity - Crown Agent
Solid Energy New Zealand Limited,coalnz.com,No,State Owned Enterprise
South Canterbury District Health Board,scdhb.health.nz,No,District Health Board
South Wairarapa District Council,swdc.govt.nz,No,District Council
Southern District Health Board ,southerndhb.govt.nz,No,District Health Board
Southern Primary Health Organisation,southernpho.health.nz,No,District Health Board
Southern Response,southernresponse.co.nz,No,Public Finance Act Schedule 4A Company
Southland District Council,southlanddc.govt.nz,No,District Health Board
Southland Regional Council,es.govt.nz,No,Regional Council
Sport New Zealand,sportnz.org.nz,No,Crown Entity - Crown Agent
Sports Tribunal of New Zealand,sportstribunal.org.nz,No,Crown Entity - Crown Agent
Standards New Zealand,standards.co.nz,No,Autonomous Crown Entity
Statistics New Zealand,census.govt.nz,No,Public Service department
Statistics New Zealand,datafinder.stats.govt.nz,No,Public Service department
Statistics New Zealand,datainfoplus.stats.govt.nz,No,Public Service department
Statistics New Zealand,innovation.stats.govt.nz,No,Public Service department
Statistics New Zealand,nzdotstat.stats.govt.nz,No,Public Service department
Statistics New Zealand,stats.govt.nz,No,Public Service department
Stratford District Council,stratford.govt.nz,Yes,District Council
Stratford District Council,stratfordlibrary.govt.nz,Yes,District Council
Tairawhiti District Health,tairawhitidhb.health.nz,No,District Health Board
Tairawhiti District Health Board,tdh.org.nz,Yes,District Health Board
Takeovers Panel,takeovers.govt.nz,No,Independent Crown Entity
Taranaki Regional Council,trc.govt.nz,Yes,Regional Council
Taranaki Regional Council ,cdemtaranaki.govt.nz,No,Regional Council
Tararua District Council,tararuadc.govt.nz,Yes,District Council
Tasman District Council ,taslib.govt.nz,No,District Council
Tasman District Council ,tasman.govt.nz,No,District Council
Tasman District Council ,tasmanlibraries.govt.nz,No,District Council
Tasman District Council ,tdc.govt.nz,No,District Council
Taupo District Council ,taupo.govt.nz,No,District Council
Taupo District Council ,taupodc.govt.nz,Yes,District Council
Taupo District Council ,taupolibrary.govt.nz,No,District Council
Tauranga City Council,cobop.govt.nz,No,City Council
Tauranga City Council,tauranga.govt.nz,No,City Council
Tauranga City Council,taurangacity.govt.nz,Yes,City Council
Tauranga City Council,taurangacityplan.govt.nz,No,City Council
Te Mangai Paho,tmp.govt.nz,No,Autonomous Crown Entity
Te Puni Kokiri,tpk.govt.nz,No,Public Service department
"Te Taura Whiri I Te Reo Maori, Maori Language Commission",tetaurawhiri.govt.nz,Yes,Autonomous Crown Entity
Tertiary Education Commission ,skillshighway.govt.nz,No,Crown Entity - Crown Agent
Tertiary Education Commission ,tec.govt.nz,No,Crown Entity - Crown Agent
Thames Coromandel District Council ,coromandel.govt.nz,No,District Council
Thames Coromandel District Council ,tcdc.govt.nz,Yes,District Council
The Agricultural and Marketing Research and Development Trust,agmardt.org.nz,No,Public Finance Act Fourth Schedule Organisation
The Commission for Financial Literacy and Retirement Income ,cflri.org.nz,No,Autonomous Crown Entity
The Office of the Childrens Commissioner ,occ.org.nz,No,Independent Crown Entity
The Treasury,boardappointments.co.nz,No,Public Service department
The Treasury,budget.govt.nz,Yes,Public Service department
The Treasury,cass.govt.nz,No,Public Service department
The Treasury,ccdu.govt.nz,No,Public Service department
The Treasury,ccmau.govt.nz,Yes,Public Service department
The Treasury,cera.govt.nz,Yes,Public Service department
The Treasury,civildefence.govt.nz,No,Public Service department
The Treasury,comu.govt.nz,No,Public Service department
The Treasury,connectsmart.govt.nz,No,Public Service department
The Treasury,dpmc.govt.nz,No,Public Service department
The Treasury,emis.govt.nz,No,Public Service department
The Treasury,flag.govt.nz,No,Public Service department
The Treasury,genesisenergyshares.govt.nz,No,Public Service department
The Treasury,getthru.govt.nz,No,Public Service department
The Treasury,gg.govt.nz,No,Public Service department
The Treasury,governmentshareoffers.govt.nz,No,Public Service department
The Treasury,govthouse.govt.nz,No,Public Service department
The Treasury,infrastructure.govt.nz,No,Public Service department
The Treasury,mcdem.govt.nz,No,Public Service department
The Treasury,ncmc.govt.nz,No,Public Service department
The Treasury,nzdmo.govt.nz,No,Public Service department
The Treasury,nzeco.govt.nz,No,Public Service department
The Treasury,ogp.org.nz,Yes,Public Service department
The Treasury,shakeout.govt.nz,No,Public Service department
The Treasury,ssc.govt.nz,No,Public Service department
The Treasury,ssrss.govt.nz,No,Public Service department
The Treasury,treasury.govt.nz,No,Public Service department
The Treasury,uatemis.govt.nz,No,Public Service department
The Treasury,whatstheplanstan.govt.nz,No,Public Service department
Timaru District Council ,timaru.govt.nz,No,District Council
Transport Accident Investigation Commission,taic.org.nz,Yes,Independent Crown Entity
Transpower New Zealand Limited,transpower.co.nz,Yes,State Owned Enterprise
TVNZ,tvnz.co.nz,No,Crown entity company
Upper Hutt City Council ,uhcc.govt.nz,No,City Council
Waikato District Council,waikatodc.govt.nz,No,District Council
Waikato District Council,waikatodistrict.govt.nz,No,District Council
Waikato District Council,waikatolibraries.govt.nz,Yes,District Council
Waikato District Health Board ,healthshare.govt.nz,No,District Health Board
Waikato District Health Board ,healthwaikato.govt.nz,No,District Health Board
Waikato District Health Board ,waikatodhb.govt.nz,No,District Health Board
Waikato District Health Board ,waikatodhb.health.nz,No,District Health Board
Waikato District Health Board ,waikatohospital.govt.nz,Yes,District Health Board
Waikato Regional Council ,envirolink.govt.nz,Yes,Regional Council
Waikato Regional Council ,environmentwaikato.govt.nz,No,Regional Council
Waikato Regional Council ,ew.govt.nz,No,Regional Council
Waikato Regional Council ,ruben.govt.nz,No,Regional Council
Waikato Regional Council ,taupoinfo.govt.nz,No,Regional Council
Waikato Regional Council ,waikato.govt.nz,Yes,Regional Council
Waikato Regional Council ,waikatocivildefence.govt.nz,No,Regional Council
Waikato Regional Council ,waikatoregion.govt.nz,No,Regional Council
Waikato Regional Council ,waikatoregionalcouncil.govt.nz,Yes,Regional Council
Waikato Regional Council ,waikatoregioncdemg.govt.nz,No,Regional Council
Waikato Regional Council ,wairc.govt.nz,No,Regional Council
Waimakariri District Council,waimakariri.govt.nz,No,District Council
Waimate District Council,waimatedc.govt.nz,Yes,District Council
Waipa District Council,waipadc.govt.nz,No,District Council
Wairarapa District Health Board,wairarapa.dhb.org.nz,No,District Health Board
Wairoa District Council ,wairoadc.govt.nz,No,District Council
Waitaki District Council,waitaki.govt.nz,No,District Council
Waitomo District Council ,waitomo.govt.nz,No,District Council
Wanganui District Council,wanganui.govt.nz,Yes,District Council
Wellington City Council,tfw.govt.nz,No,City Council
Wellington City Council,bikethere.org.nz,No,City Council
Wellington City Council,capitalcompost.co.nz,Yes,City Council
Wellington City Council,clubactive.co.nz,No,City Council
Wellington City Council,communityfinder.org.nz,No,City Council
Wellington City Council,Creativewcc.org,No,City Council
Wellington City Council,cycleways.org.nz,No,City Council
Wellington City Council,eplan.wellington.govt.nz,No,City Council
Wellington City Council,Getwellymoving.co.nz,No,City Council
Wellington City Council,ictsharedservices.nz,No,City Council
Wellington City Council,mygateway.co.nz,Yes,City Council
Wellington City Council,mygateway.info,Yes,City Council
Wellington City Council,newjohnsonvillelibrary.co.nz,No,City Council
Wellington City Council,our10yearplan.co.nz,No,City Council
Wellington City Council,parkingtickets.wellington.govt.nz,No,City Council
Wellington City Council,planningoursuburbs.org.nz,No,City Council
Wellington City Council,recut.nz,Yes,City Council
Wellington City Council,Redevelopthebasin.org.nz,No,City Council
Wellington City Council,staffnet.net.ad.wcc.govt.nz,No,City Council
Wellington City Council,submissions.wellington.govt.nz,No,City Council
Wellington City Council,toiponeke.co.nz,Yes,City Council
Wellington City Council,toiponeke.com,Yes,City Council
Wellington City Council,toiponeke.nz,No,City Council
Wellington City Council,toiponeke.org.nz,Yes,City Council
Wellington City Council,transportprojects.org.nz,No,City Council
Wellington City Council,wcc.govt.nz,Yes,City Council
Wellington City Council,wcc.maps.arcgis.com,No,City Council
Wellington City Council,wcccomputerhubs.weebly.com,No,City Council
Wellington City Council,wcl.govt.nz,No,City Council
Wellington City Council,wellington-city-council.culturalspot.org/home,No,City Council
Wellington City Council,wellington.govt.nz,No,City Council
Wellington City Council,Wellington.recollect.co.nz,No,City Council
Wellington City Council,Wellington2040.govt.nz,No,City Council
Wellington City Council,wellingtoncity.govt.nz,Yes,City Council
Wellington City Council,wellingtoncitycouncil.govt.nz,Yes,City Council
Wellington City Council,wellingtoncityheritage.org.nz,No,City Council
Wellington City Council,wellingtoncitylibraries.com,Yes,City Council
Wellington City Council,wellingtoncitylibraries.info,Yes,City Council
Wellington City Council,wellingtoncitylibrary.co.nz,Yes,City Council
Wellington City Council,wellingtoncycleways.org.nz,Yes,City Council
Wellington City Council,wellingtonzoo.co.nz,Yes,City Council
Wellington City Council,wellingtonzoo.com,No,City Council
Wellington City Council,wellingtonzoo.org,Yes,City Council
Wellington City Council,wellynextdoor.co.nz,No,City Council
Wellington City Council,wgtn.cc,Yes,City Council
Wellington City Council,wgtn2040.govt.nz,No,City Council
Wellington City Council,wgtnregionwasteplan.govt.nz,No,City Council
Wellington City Council,communityvoice.net.nz,No,City Council
Wellington City Council,goshift.co.nz,No,City Council
Wellington City Council,harboursidemarket.co.nz,No,City Council
Wellington City Council,wellingtonwaterfront.co.nz,Yes,City Council
West Coast District Health Board,wcdhb.govt.nz,No,District Health Board
West Coast District Health Board,westcoastdhb.org.nz,No,District Health Board
West Coast Regional Council,wcrc.govt.nz,No,Regional Council
West Coast Regional Council,westcoastemergency.govt.nz,No,Regional Council
Western Bay Of Plenty District Council ,westernbay.govt.nz,No,District Council
Westland District Council,westland.govt.nz,No,District Council
Westland District Council,westlanddc.govt.nz,No,District Council
Whakatane District Council ,whakatane.govt.nz,No,District Council
Whanganui District Health Board,wdhb.org.nz,No,District Health Board
Whangarei District Council ,wdc.govt.nz,No,District Council
Whangarei District Council ,whangarei.govt.nz,Yes,District Council
Worksafe New Zealand ,hazardoussubstances.govt.nz,No,Crown Entity - Crown Agent
Worksafe New Zealand ,worksafe.govt.nz,No,Crown Entity - Crown Agent
