organisation,url,sector
Accident Compensation Corporation,acc.co.nz,Crown Entity - Crown Agent
Accident Compensation Corporation,accfleets.co.nz,Crown Entity - Crown Agent
Accident Compensation Corporation,businessdescription.co.nz,Crown Entity - Crown Agent
Accident Compensation Corporation,drinksmart.co.nz,Crown Entity - Crown Agent
Accident Compensation Corporation,findsupport.co.nz,Crown Entity - Crown Agent
Accident Compensation Corporation,fleetsafety.govt.nz,Crown Entity - Crown Agent
Accident Compensation Corporation,habitatwork.co.nz,Crown Entity - Crown Agent
Accident Compensation Corporation,homesafety.co.nz,Crown Entity - Crown Agent
Accident Compensation Corporation,msac.org.nz,Crown Entity - Crown Agent
Accident Compensation Corporation,myinjuryforecast.co.nz,Crown Entity - Crown Agent
Accident Compensation Corporation,rideforever.co.nz,Crown Entity - Crown Agent
Accident Compensation Corporation,safetyweek.co.nz,Crown Entity - Crown Agent
Accident Compensation Corporation,wellsaid.co.nz,Crown Entity - Crown Agent
Accident Compensation Corporation,worksmarttips.co.nz,Crown Entity - Crown Agent
AgResearch Limited,agresearch.co.nz,Crown entity company
Airways Corporation of New Zealand Limited,airways.co.nz,State Owned Enterprise
Antarctica New Zealand,antarcticanz.govt.nz,Crown Entity - Institute
Antarctica New Zealand,ipy.antarcticanz.govt.nz,Crown Entity - Institute
Asia New Zealand Foundation,asianz.org.nz,Public Finance Act Fourth Schedule Organisation
Auckland District Health Board,adhb.govt.nz,District Health Board
Auckland District Health Board,arphs.govt.nz,District Health Board
Bay of Plenty District Health Board,baynav.bopdhb.govt.nz,District Health Board
Bay of Plenty District Health Board,bopdhb.govt.nz,District Health Board
Bay of Plenty District Health Board,ttophs.govt.nz,District Health Board
Bay of Plenty District Health Board,workwell.health.nz,District Health Board
Broadcasting Commission,kiwihits.co.nz,Autonomous Crown Entity
Broadcasting Standards Authority,bsa.govt.nz,Independent Crown Entity
Cancer Control New Zealand,cancercontrolnz.govt.nz,Other
Canterbury District Health Board,cdhb.govt.nz,District Health Board
Canterbury District Health Board,cdhb.health.govt.nz,District Health Board
Canterbury District Health Board,cdhb.health.nz,District Health Board
Canterbury District Health Board,cdhbcareers.co.nz,District Health Board
Canterbury District Health Board,chhlth.govt.nz,District Health Board
Canterbury District Health Board,labnet.health.nz,District Health Board
Canterbury Earthquake Recovery Authority,cera.govt.nz,Public Service department
Canterbury Museum Trust Board,canterburymuseum.com,Other
Capital & Coast District Health Board,ccdhb.org.nz,District Health Board
Careers New Zealand,careers.govt.nz,Crown Entity - Crown Agent
Civil Aviation Authority,caa.govt.nz,Crown Entity - Crown Agent
Commerce Commission,comcom.govt.nz,Independent Crown Entity
Commission for Financial Literacy and Retirement Income,sorted.org.nz,Autonomous Crown Entity
Controller and Auditor-General,auditor-general.parliament.nz,Offices of Parliament
Creative New Zealand,creativenz.govt.nz,Autonomous Crown Entity
Crown Fibre Holdings Limited,crownfibre.govt.nz,Public Finance Act Schedule 4A Company
Crown Law Office,crownlaw.govt.nz,Public Service department
Crown Law Office,gln.govt.nz,Public Service department
Department of Conservation,biodiversity.govt.nz,Public Service department
Department of Conservation,blog.doc.govt.nz,Public Service department
Department of Conservation,doc.govt.nz,Public Service department
Department of Conservation,geoportal.doc.govt.nz,Public Service department
Department of Conservation,gisportal.doc.govt.nz ,Public Service department
Department of Conservation,greatwalks.co.nz,Public Service department
Department of Conservation,lahar.govt.nz,Public Service department
Department of Conservation,maps.doc.govt.nz ,Public Service department
Department of Conservation,westmarine.org.nz ,Public Service department
Department of Corrections,corrections.govt.nz,Public Service department
Department of Corrections,paroleboard.govt.nz,Public Service department
Department of Internal Affairs,adri.govt.nz,Public Service department
Department of Internal Affairs,anyquestions.co.nz,Public Service department
Department of Internal Affairs,aotearoapeoplesnetwork.org,Public Service department
Department of Internal Affairs,archives.govt.nz,Public Service department
Department of Internal Affairs,archway.archives.govt.nz,Public Service department
Department of Internal Affairs,archwaystaff.archives.govt.nz,Public Service department
Department of Internal Affairs,ata.govt.nz,Public Service department
Department of Internal Affairs,atojs.natlib.govt.nz,Public Service department
Department of Internal Affairs,audiovisual.archives.govt.nz,Public Service department
Department of Internal Affairs,audit.archives.govt.nz,Public Service department
Department of Internal Affairs,bdmhistoricalrecords.dia.govt.nz,Public Service department
Department of Internal Affairs,bdmonline.dia.govt.nz,Public Service department
Department of Internal Affairs,canterbury.royalcommission.govt.nz,Public Service department
Department of Internal Affairs,canterbury-hearings.royalcommission.govt.nz,Public Service department
Department of Internal Affairs,cartoons.org.nz,Public Service department
Department of Internal Affairs,charities.govt.nz,Public Service department
Department of Internal Affairs,christchurch.archives.govt.nz,Public Service department
Department of Internal Affairs,christchurchearthquakeappeal.govt.nz,Public Service department
Department of Internal Affairs,community.net.nz,Public Service department
Department of Internal Affairs,communitymatters.govt.nz,Public Service department
Department of Internal Affairs,complaints.antispam.govt.nz,Public Service department
Department of Internal Affairs,cop.aotearoapeoplesnetwork.org,Public Service department
Department of Internal Affairs,data.govt.nz,Public Service department
Department of Internal Affairs,dia.govt.nz,Public Service department
Department of Internal Affairs,digitalnz.org,Public Service department
Department of Internal Affairs,dns.govt.nz,Public Service department
Department of Internal Affairs,dogsafety.govt.nz,Public Service department
Department of Internal Affairs,ecasttv.co.nz,Public Service department
Department of Internal Affairs,education.citizenship.govt.nz,Public Service department
Department of Internal Affairs,epic.org.nz,Public Service department
Department of Internal Affairs,ethnicaffairs.govt.nz,Public Service department
Department of Internal Affairs,gallery.archives.govt.nz,Public Service department
Department of Internal Affairs,gamblingcommission.govt.nz,Public Service department
Department of Internal Affairs,gazette.govt.nz,Public Service department
Department of Internal Affairs,gethelp.natlib.govt.nz,Public Service department
Department of Internal Affairs,govt.nz,Public Service department
Department of Internal Affairs,ict.govt.nz,Public Service department
Department of Internal Affairs,identityservices.govt.nz,Public Service department
Department of Internal Affairs,innz.natlib.govt.nz,Public Service department
Department of Internal Affairs,ipv6.govt.nz,Public Service department
Department of Internal Affairs,iwihapu.natlib.govt.nz,Public Service department
Department of Internal Affairs,jobs.govt.nz,Public Service department
Department of Internal Affairs,kete.digitalnz.org,Public Service department
Department of Internal Affairs,lgc.govt.nz,Public Service department
Department of Internal Affairs,library.archives.govt.nz,Public Service department
Department of Internal Affairs,librarytechnz.natlib.govt.nz,Public Service department
Department of Internal Affairs,listening.govt.nz,Public Service department
Department of Internal Affairs,lists.natlib.govt.nz,Public Service department
Department of Internal Affairs,localcouncils.govt.nz,Public Service department
Department of Internal Affairs,manyanswers.co.nz,Public Service department
Department of Internal Affairs,mixandmash.org.nz,Public Service department
Department of Internal Affairs,mp.natlib.govt.nz,Public Service department
Department of Internal Affairs,mshupoko.natlib.govt.nz,Public Service department
Department of Internal Affairs,natlib.govt.nz,Public Service department
Department of Internal Affairs,ndha-wiki.natlib.govt.nz,Public Service department
Department of Internal Affairs,nlnzcat.natlib.govt.nz,Public Service department
Department of Internal Affairs,nzlibrariescatalogue.natlib.govt.nz,Public Service department
Department of Internal Affairs,nzresearch.org.nz,Public Service department
Department of Internal Affairs,paperspast.natlib.govt.nz,Public Service department
Department of Internal Affairs,passports.govt.nz,Public Service department
Department of Internal Affairs,peoplesnetwork.wordpress.com,Public Service department
Department of Internal Affairs,pikeriver.royalcommission.govt.nz,Public Service department
Department of Internal Affairs,psi.govt.nz,Public Service department
Department of Internal Affairs,royalcommission.govt.nz,Public Service department
Department of Internal Affairs,rsnz.natlib.govt.nz,Public Service department
Department of Internal Affairs,schools.natlib.govt.nz,Public Service department
Department of Internal Affairs,see.govt.nz,Public Service department
Department of Internal Affairs,stv.govt.nz,Public Service department
Department of Internal Affairs,tapuhi.natlib.govt.nz,Public Service department
Department of Internal Affairs,teaohou.natlib.govt.nz,Public Service department
Department of Internal Affairs,thecommunityarchive.org.nz,Public Service department
Department of Internal Affairs,warart.archives.govt.nz,Public Service department
Department of Internal Affairs,webtoolkit.govt.nz,Public Service department
Department of the Prime Minister and Cabinet,connectsmart.govt.nz,Public Service department
Drug Free Sport New Zealand,drugfreesport.org.nz,Independent Crown Entity
Earthquake Commission,eqc.govt.nz,Crown Entity - Crown Agent
Earthquake Commission,geonet.org.nz,Crown Entity - Crown Agent
Education New Zealand,educationnz.govt.nz,Crown Entity - Crown Agent
Education New Zealand,newzealandeducated.com,Crown Entity - Crown Agent
Education New Zealand,studyinnewzealand.com,Crown Entity - Crown Agent
Education Review Office,ero.govt.nz,Public Service department
Electoral Commission,electionresults.govt.nz,Independent Crown Entity
Electoral Commission,elections.org.nz,Independent Crown Entity
Electoral Commission,ivotenz.org.nz,Independent Crown Entity
Electricity Authority,aperforum.org,Independent Crown Entity
Electricity Authority,ea.govt.nz,Independent Crown Entity
Electricity Authority,emi.ea.govt.nz,Independent Crown Entity
Electricity Authority,reports.ea.govt.nz,Independent Crown Entity
Electricity Authority,whatsmynumber.org.nz,Independent Crown Entity
Energy Efficiency and Conservation Authority,eeca.govt.nz,Crown Entity - Crown Agent
Energy Efficiency and Conservation Authority,eecabusiness.govt.nz,Crown Entity - Crown Agent
Energy Efficiency and Conservation Authority,enduse.eeca.govt.nz,Crown Entity - Crown Agent
Energy Efficiency and Conservation Authority,energywise.govt.nz,Crown Entity - Crown Agent
Environmental Protection Authority,epa.govt.nz,Crown Entity - Crown Agent
External Reporting Board,xrb.govt.nz,Independent Crown Entity
Families Commission,familiescommission.org.nz,Autonomous Crown Entity
Financial Markets Authority,financialadvisercode.govt.nz,Independent Crown Entity
Financial Markets Authority,fma.govt.nz,Independent Crown Entity
Genesis Power Limited,genesisenergy.co.nz,Mixed Ownership Model company
Government Communications Security Bureau,gcsb.govt.nz,Public Service department
Government Communications Security Bureau,ncsc.govt.nz,Public Service department
Government Superannuation Fund,gsfa.govt.nz,Autonomous Crown Entity
Hawke's Bay District Health Board,hawkesbay.health.nz,District Health Board
Health Alliance,echo.waitematadhb.govt.nz,District Health Board
Health Alliance,refugeehealth.govt.nz,District Health Board
Health Alliance,waitematadhb.govt.nz,District Health Board
Health and Disability Commissioner,hdc.org.nz,Independent Crown Entity
Health Benefits Limited,hbl.co.nz,Crown Entity - Crown Agent
Health Promotion Agency,alac.org.nz,Crown Entity - Crown Agent
Health Promotion Agency,easeuponthedrink.org.nz,Crown Entity - Crown Agent
Health Promotion Agency,likeadrink.org.nz,Crown Entity - Crown Agent
Health Promotion Agency,alcohol.org.nz,Crown Entity - Crown Agent
Health Promotion Agency,depression.org.nz,Crown Entity - Crown Agent
Health Promotion Agency,healthed.govt.nz,Crown Entity - Crown Agent
Health Promotion Agency,hpa.org.nz,Crown Entity - Crown Agent
Health Promotion Agency,kuraauahikore.org.nz,Crown Entity - Crown Agent
Health Promotion Agency,likeminds.org.nz,Crown Entity - Crown Agent
Health Promotion Agency,quit.org.nz,Crown Entity - Crown Agent
Health Promotion Agency,smokefree.org.nz,Crown Entity - Crown Agent
Health Promotion Agency,smokefreeschools.org.nz,Crown Entity - Crown Agent
Health Promotion Agency,stopbeforeyoustart.co.nz,Crown Entity - Crown Agent
Health Promotion Agency,sunsmart.org.nz,Crown Entity - Crown Agent
Health Promotion Agency,thelowdown.co.nz,Crown Entity - Crown Agent
Health Quality and Safety Commission,cymrc.health.govt.nz,Crown Entity - Crown Agent
Health Quality and Safety Commission,hqsc.govt.nz,Crown Entity - Crown Agent
Health Quality and Safety Commission,pmmrc.health.govt.nz,Crown Entity - Crown Agent
Health Research Council of New Zealand,dhbrf.hrc.govt.nz,Crown Entity - Crown Agent
Health Research Council of New Zealand,feedback.hrc.govt.nz,Crown Entity - Crown Agent
Health Research Council of New Zealand,gfbr9.hrc.govt.nz,Crown Entity - Crown Agent
Health Research Council of New Zealand,hrc.govt.nz,Crown Entity - Crown Agent
Health Research Council of New Zealand,hui.hrc.govt.nz,Crown Entity - Crown Agent
Health Research Council of New Zealand,reporting.hrc.govt.nz,Crown Entity - Crown Agent
Health Research Council of New Zealand,search.hrc.govt.nz,Crown Entity - Crown Agent
Health Sponsorship Council,auahikore.org.nz,Crown Entity - Crown Agent
Health Sponsorship Council,notourfuture.co.nz,Crown Entity - Crown Agent
Health Sponsorship Council,problemgambling.org.nz,Crown Entity - Crown Agent
Health Sponsorship Council,smokefreeschools.org.nz,Crown Entity - Crown Agent
Healthcare Hawkes Bay,hawkesbaydhb.govt.nz,District Health Board
High Performance Sport New Zealand,hpsnz.org.nz,Crown Entity - Crown Agent
Housing New Zealand Corporation,chranz.co.nz,Crown Entity - Crown Agent
Housing New Zealand Corporation,hnzc.co.nz,Crown Entity - Crown Agent
Housing New Zealand Corporation,hobsonvillepoint.co.nz,Crown Entity - Crown Agent
Housing New Zealand Corporation,welcomehomeloan.co.nz,Crown Entity - Crown Agent
Human Rights Commission,hrc.co.nz,Independent Crown Entity
Industrial Research Limited,irl.cri.nz,Crown Entity - Crown Agent
Industrial Research Limited,msl.irl.cri.nz,Crown Entity - Crown Agent
Inland Revenue Department,ird.govt.nz,Public Service department
Inland Revenue Department,kiwisaver.govt.nz,Public Service department
Inland Revenue Department,taxpolicy.ird.govt.nz,Public Service department
Inland Revenue Department,whatstax.govt.nz,Public Service department
International Accreditation New Zealand,ianz.govt.nz,Autonomous Crown Entity
Kordia Group Limited,kordia.co.nz,State Owned Enterprise
Lakes District Health Board,lakesdhb.govt.nz,District Health Board
Lakes District Health Board,midlandshn.health.nz,District Health Board
Land Information New Zealand,data.linz.govt.nz,Public Service department
Land Information New Zealand,geodata.govt.nz,Public Service department
Land Information New Zealand,landonline.govt.nz,Public Service department
Land Information New Zealand,linz.govt.nz,Public Service department
Landcare Research,landcareresearch.co.nz,Crown entity company
Landcare Research,nzflora.landcareresearch.co.nz,Crown entity company
Landcare Research,soils.landcareresearch.co.nz,Crown entity company
Landcare Research ,floraseries.landcareresearch.co.nz,Crown entity company
Law Commission,lawcom.govt.nz,Independent Crown Entity
Leadership Development Centre,ldc.govt.nz,Public Finance Act Fourth Schedule Organisation
Learning Media Limited,learningmedia.co.nz,State Owned Enterprise
Maritime Safety Authority of New Zealand,maritimenz.govt.nz,Crown Entity - Crown Agent
Mental Health Commission,mhc.govt.nz,Independent Crown Entity
Meridian Energy Limited,meridianenergy.co.nz,Mixed Ownership Model company
MidCentral District Health Board,midcentraldhb.govt.nz,District Health Board
Midwifery Council of New Zealand,midwiferycouncil.health.nz,Regulatory Authority
Mighty River Power Limited,mightyriver.co.nz,Mixed Ownership Model company
Ministry for Culture and Heritage,28maoribattalion.org.nz,Public Service department
Ministry for Culture and Heritage,anzac.govt.nz,Public Service department
Ministry for Culture and Heritage,blog.teara.govt.nz,Public Service department
Ministry for Culture and Heritage,gallipoli2015.govt.nz,Public Service department
Ministry for Culture and Heritage,goingdigital.co.nz,Public Service department
Ministry for Culture and Heritage,mch.govt.nz,Public Service department
Ministry for Culture and Heritage,quakestories.govt.nz,Public Service department
Ministry for Culture and Heritage,teara.govt.nz,Public Service department
Ministry for Culture and Heritage,tiritiowaitangi.govt.nz,Public Service department
Ministry for Culture and Heritage,vietnamwar.govt.nz,Public Service department
Ministry for Primary Industries,biosecurity.govt.nz,Public Service department
Ministry for Primary Industries,brkb.biosecurity.govt.nz,Public Service department
Ministry for Primary Industries,cs.fish.govt.nz,Public Service department
Ministry for Primary Industries,eatsafe.nzfsa.govt.nz,Public Service department
Ministry for Primary Industries,fish.govt.nz,Public Service department
Ministry for Primary Industries,foodsafety.govt.nz,Public Service department
Ministry for Primary Industries,foodsmart.govt.nz,Public Service department
Ministry for Primary Industries,fs.fish.govt.nz,Public Service department
Ministry for Primary Industries,gia.org.nz,Public Service department
Ministry for Primary Industries,mpi.govt.nz,Public Service department
Ministry for Primary Industries,nabis.govt.nz,Public Service department
Ministry for Primary Industries,ncbid.govt.nz,Public Service department
Ministry for the Environment,climatechange.govt.nz,Public Service department
Ministry for the Environment,greeningthescreen.co.nz,Public Service department
Ministry for the Environment,mfe.govt.nz,Public Service department
Ministry for the Environment,qualityplanning.org.nz,Public Service department
"Ministry of Business, Innovation and Employment",blog.companies.govt.nz,Public Service department
"Ministry of Business, Innovation and Employment",broadbandmap.govt.nz,Public Service department
"Ministry of Business, Innovation and Employment",buildingvalue.co.nz,Public Service department
"Ministry of Business, Innovation and Employment",business.govt.nz,Public Service department
"Ministry of Business, Innovation and Employment",consumeraffairs.govt.nz,Public Service department
"Ministry of Business, Innovation and Employment",consumerbuild.org.nz,Public Service department
"Ministry of Business, Innovation and Employment",dbh.govt.nz,Public Service department
"Ministry of Business, Innovation and Employment",diagnostictool.dol.govt.nz,Public Service department
"Ministry of Business, Innovation and Employment","directory.foodandbeverage.govt.nz
",Public Service department
"Ministry of Business, Innovation and Employment",dol.govt.nz,Public Service department
"Ministry of Business, Innovation and Employment",era.govt.nz,Public Service department
"Ministry of Business, Innovation and Employment",ewrb.govt.nz,Public Service department
"Ministry of Business, Innovation and Employment",g2b.govt.nz,Public Service department
"Ministry of Business, Innovation and Employment",gets.govt.nz,Public Service department
"Ministry of Business, Innovation and Employment",hstaskforce.govt.nz ,Public Service department
"Ministry of Business, Innovation and Employment",iaa.govt.nz ,Public Service department
"Ministry of Business, Innovation and Employment",immigration.govt.nz,Public Service department
"Ministry of Business, Innovation and Employment",insolvency.govt.nz,Public Service department
"Ministry of Business, Innovation and Employment",iponz.govt.nz,Public Service department
"Ministry of Business, Innovation and Employment",m.business.govt.nz,Public Service department
"Ministry of Business, Innovation and Employment",m.companies.govt.nz,Public Service department
"Ministry of Business, Innovation and Employment",m.consumeraffairs.govt.nz,Public Service department
"Ministry of Business, Innovation and Employment",mbie.govt.nz ,Public Service department
"Ministry of Business, Innovation and Employment",med.govt.nz,Public Service department
"Ministry of Business, Innovation and Employment",motortraders.med.govt.nz,Public Service department
"Ministry of Business, Innovation and Employment",msi.govt.nz,Public Service department
"Ministry of Business, Innovation and Employment",newzealandnow.govt.nz,Public Service department
"Ministry of Business, Innovation and Employment",nzpam.govt.nz,Public Service department
"Ministry of Business, Innovation and Employment",nzready.immigration.govt.nz,Public Service department
"Ministry of Business, Innovation and Employment",nzstudywork.immigration.govt.nz,Public Service department
"Ministry of Business, Innovation and Employment",opportunitycanterbury.org.nz,Public Service department
"Ministry of Business, Innovation and Employment",powerswitch.org.nz,Public Service department
"Ministry of Business, Innovation and Employment",ppsr.govt.nz,Public Service department
"Ministry of Business, Innovation and Employment",register.broadband.govt.nz,Public Service department
"Ministry of Business, Innovation and Employment",remauthority.govt.nz,Public Service department
"Ministry of Business, Innovation and Employment",rsm.govt.nz,Public Service department
"Ministry of Business, Innovation and Employment",shu.govt.nz,Public Service department
"Ministry of Business, Innovation and Employment",smarterhomes.org.nz,Public Service department
"Ministry of Business, Innovation and Employment",socialhousingunit.govt.nz,Public Service department
"Ministry of Business, Innovation and Employment",societies.govt.nz,Public Service department
"Ministry of Business, Innovation and Employment",volunteernet.org.nz,Public Service department
"Ministry of Business, Innovation and Employment","worktalk.immigration.govt.nz
",Public Service department
Ministry of Defence,defence.govt.nz,Public Service department
Ministry of Economic Development,nzcycletrail.com,Public Service department
Ministry of Education,asia-knowledge.tki.org.nz,Public Service department
Ministry of Education,cms.steo.govt.nz,Public Service department
Ministry of Education,e-asttle.education.govt.nz,Public Service department
Ministry of Education,edgazette.govt.nz,Public Service department
Ministry of Education,educate.ece.govt.nz,Public Service department
Ministry of Education,education.govt.nz,Public Service department
Ministry of Education,educationalleaders.govt.nz,Public Service department
Ministry of Education,educationcounts.govt.nz,Public Service department
Ministry of Education,fundingcalc.minedu.govt.nz,Public Service department
Ministry of Education,ienews.minedu.govt.nz,Public Service department
Ministry of Education,lead.ece.govt.nz,Public Service department
Ministry of Education,library.education.govt.nz,Public Service department
Ministry of Education,minedu.govt.nz,Public Service department
Ministry of Education,ncea.tki.org.nz,Public Service department
Ministry of Education,nzcurriculum.tki.org.nz,Public Service department
Ministry of Education,nzmaths.co.nz,Public Service department
Ministry of Education,readingrecoverydatacollection.minedu.govt.nz,Public Service department
Ministry of Education,shapingeducation.govt.nz,Public Service department
Ministry of Education,steo.education.govt.nz,Public Service department
Ministry of Education,steo.govt.nz,Public Service department
Ministry of Education,studyit.org.nz,Public Service department
Ministry of Education,taskforce.ece.govt.nz,Public Service department
Ministry of Education,teachnz.govt.nz,Public Service department
Ministry of Education,tki.govt.nz,Public Service department
Ministry of Education,UiaNgaPatai.co.nz,Public Service department
Ministry of Education,unesco.govt.nz,Public Service department
Ministry of Education,vln.school.nz,Public Service department
Ministry of Education,wicked.org.nz,Public Service department
Ministry of Foreign Affairs and Trade,aid.govt.nz,Public Service department
Ministry of Foreign Affairs and Trade,asean.fta.govt.nz,Public Service department
Ministry of Foreign Affairs and Trade,blogs.mfat.govt.nz,Public Service department
Ministry of Foreign Affairs and Trade,chinafta.govt.nz,Public Service department
Ministry of Foreign Affairs and Trade,mfat.govt.nz,Public Service department
Ministry of Foreign Affairs and Trade,mfatimages.smugmug.com,Public Service department
Ministry of Foreign Affairs and Trade,nzembassy.com,Public Service department
Ministry of Foreign Affairs and Trade,safetravel.govt.nz,Public Service department
Ministry of Health,acart.health.govt.nz,Public Service department
Ministry of Health,aniva.co.nz,Public Service department
Ministry of Health,csi.org.nz,Public Service department
Ministry of Health,drughelp.org.nz,Public Service department
Ministry of Health,ecart.health.govt.nz,Public Service department
Ministry of Health,ethics.health.govt.nz,Public Service department
Ministry of Health,fluoridefacts.govt.nz,Public Service department
Ministry of Health,health.govt.nz,Public Service department
Ministry of Health,healthworkforce.govt.nz,Public Service department
Ministry of Health,hiirc.org.nz,Public Service department
Ministry of Health,ithealthboard.health.nz,Public Service department
Ministry of Health,careers.health.govt.nz,Public Service department
Ministry of Health,learnonline.health.nz,Public Service department
Ministry of Health,medsafe.govt.nz,Public Service department
Ministry of Health,methhelp.org.nz,Public Service department
Ministry of Health,nationalhealthboard.govt.nz,Public Service department
Ministry of Health,neac.health.govt.nz,Public Service department
Ministry of Health,ngo.health.govt.nz,Public Service department
Ministry of Health,nhc.health.govt.nz,Public Service department
Ministry of Health,nsfl.health.govt.nz,Public Service department
Ministry of Health,nsu.govt.nz,Public Service department
Ministry of Health,pothelp.org.nz,Public Service department
Ministry of Health,publichealthworkforce.org.nz,Public Service department
Ministry of Health,volunteerawards.health.govt.nz,Public Service department
Ministry of Justice,careers.justice.govt.nz,Public Service department
Ministry of Justice,courtsofnz.govt.nz,Public Service department
Ministry of Justice,ijs.govt.nz,Public Service department
Ministry of Justice,jcc.govt.nz,Public Service department
Ministry of Justice,justice.govt.nz,Public Service department
Ministry of Justice,lawaccess.govt.nz,Public Service department
Ministry of Justice,maorilandonline.govt.nz,Public Service department
Ministry of Justice,ots.govt.nz,Public Service department
Ministry of Justice,waitangi-tribunal.govt.nz,Public Service department
Ministry of Pacific Island Affairs,minpac.govt.nz,Public Service department
Ministry of Pacific Island Affairs,mpia.govt.nz,Public Service department
Ministry of Social Development,areyouok.org.nz,Public Service department
Ministry of Social Development,contractmapping.govt.nz,Public Service department
Ministry of Social Development,cyf.govt.nz,Public Service department
Ministry of Social Development,employers.workandincome.govt.nz,Public Service department
Ministry of Social Development,familyservices.govt.nz,Public Service department
Ministry of Social Development,hcn.govt.nz,Public Service department
Ministry of Social Development,heartlandservices.govt.nz,Public Service department
Ministry of Social Development,job-bank.winz.govt.nz,Public Service department
Ministry of Social Development,msd.govt.nz,Public Service department
Ministry of Social Development,my.studylink.govt.nz,Public Service department
Ministry of Social Development,odi.govt.nz,Public Service department
Ministry of Social Development,practicecentre.cyf.govt.nz,Public Service department
Ministry of Social Development,quakeaccommodation.govt.nz,Public Service department
Ministry of Social Development,socialreport.msd.govt.nz,Public Service department
Ministry of Social Development,spear.govt.nz,Public Service department
Ministry of Social Development,strengtheningfamilies.govt.nz,Public Service department
Ministry of Social Development,studylink.govt.nz,Public Service department
Ministry of Social Development,supergold.govt.nz,Public Service department
Ministry of Social Development,thinkdifferently.org.nz,Public Service department
Ministry of Social Development,workandincome.govt.nz,Public Service department
Ministry of Social Development,workingforfamilies.govt.nz,Public Service department
Ministry of Social Development,youthstats.myd.govt.nz,Public Service department
Ministry of Transport,transport.govt.nz,Public Service department
Ministry of Women's Affairs,mwa.govt.nz,Public Service department
Museum of New Zealand Te Papa Tongarewa,collections.tepapa.govt.nz,Autonomous Crown Entity
Museum of New Zealand Te Papa Tongarewa,squid.tepapa.govt.nz,Autonomous Crown Entity
Museum of New Zealand Te Papa Tongarewa,tepapa.govt.nz,Autonomous Crown Entity
Museum of New Zealand Te Papa Tongarewa,tpo.tepapa.govt.nz,Autonomous Crown Entity
Museum of New Zealand Te Papa Tongarewa,treaty2u.govt.nz,Autonomous Crown Entity
National Institute of Water and Atmospheric Research,niwa.co.nz,Crown entity company
Nelson Marlborough District Health Board,nmdhb.govt.nz,District Health Board
New Zealand Antarctic Institute,scottbase50years.co.nz,Crown Entity - Crown Agent
New Zealand Blood Service,nzblood.co.nz,Crown Entity - Crown Agent
New Zealand Blood Service,startafanclub.co.nz,Crown Entity - Crown Agent
New Zealand Council for Educational Research,nzcer.org.nz,Other
New Zealand Customs Service,contrabandmagazine.org.nz,Non-Public Service department
New Zealand Customs Service,customs.govt.nz,Non-Public Service department
New Zealand Customs Service,jbmsconsultation.govt.nz,Non-Public Service department
New Zealand Customs Service,tsw.govt.nz,Non-Public Service department
New Zealand Customs Service,whatsmyduty.org.nz,Non-Public Service department
New Zealand Defence Force,airforce.mil.nz,Non-Public Service department
New Zealand Defence Force,airforcemuseum.co.nz,Non-Public Service department
New Zealand Defence Force,armymuseum.co.nz,Non-Public Service department
New Zealand Defence Force,cadetforces.mil.nz,Non-Public Service department
New Zealand Defence Force,defencecareers.mil.nz,Non-Public Service department
New Zealand Defence Force,homebase.mil.nz,Non-Public Service department
New Zealand Defence Force,medals.nzdf.mil.nz,Non-Public Service department
New Zealand Defence Force,navy.mil.nz,Non-Public Service department
New Zealand Defence Force,navymuseum.mil.nz,Non-Public Service department
New Zealand Defence Force,nzdf.mil.nz,Non-Public Service department
New Zealand Defence Force,reserves.mil.nz,Non-Public Service department
New Zealand Defence Force,veteransaffairs.mil.nz,Non-Public Service department
New Zealand Film Commission,nzfilm.co.nz,Autonomous Crown Entity
New Zealand Fire Service Commission,fire.org.nz,Crown Entity - Crown Agent
New Zealand Fire Service Commission,incidents.fire.org.nz,Crown Entity - Crown Agent
New Zealand Fish and Game Council,fishandgame.org.nz,Public Finance Act Fourth Schedule Organisation
New Zealand Lotteries Commission,mylotto.co.nz,Autonomous Crown Entity
New Zealand Optometrists and Dispensing Opticians Board,odob.health.nz,Regulatory Authority
New Zealand Police,buster.org.nz,Non-Public Service department
New Zealand Police,newcops.co.nz,Non-Public Service department
New Zealand Police,ofcanz.govt.nz,Non-Public Service department
New Zealand Police,police.govt.nz,Non-Public Service department
New Zealand Police,sites.google.com/site/newzealandpolicemuseum/,Non-Public Service department
New Zealand Police,tenone.police.govt.nz,Non-Public Service department
New Zealand Police,womeninblue.co.nz,Non-Public Service department
New Zealand Post Limited,kiwibank.co.nz,State Owned Enterprise
New Zealand Post Limited,nzpost.co.nz,State Owned Enterprise
New Zealand Public Health Observatory,nzpho.org.nz,Crown entity company
New Zealand Qualifications Authority,nzqa.govt.nz,Crown Entity - Crown Agent
New Zealand Racing Board,nzracingboard.co.nz,Statutory Body
New Zealand Racing Board,tab.co.nz,Statutory Body
New Zealand Racing Board,theraces.co.nz,Statutory Body
New Zealand Security Intelligence Service,nzsis.govt.nz,Non-Public Service department
New Zealand Security Intelligence Service,security.govt.nz,Non-Public Service department
New Zealand Symphony Orchestra,nzso.co.nz,Autonomous Crown Entity
New Zealand Teachers Council,refresh.teacherscouncil.govt.nz,Autonomous Crown Entity
New Zealand Teachers Council,teacherscouncil.govt.nz,Autonomous Crown Entity
New Zealand Tourism Board,images.newzealand.com,Crown Entity - Crown Agent
New Zealand Tourism Board,newzealand.com,Crown Entity - Crown Agent
New Zealand Tourism Board,tourismnewzealand.com,Crown Entity - Crown Agent
New Zealand Trade and Enterprise,campaignmanager.nzte.govt.nz,Crown Entity - Crown Agent
New Zealand Trade and Enterprise,icn.govt.nz,Crown Entity - Crown Agent
New Zealand Trade and Enterprise,nzte.govt.nz,Crown Entity - Crown Agent
New Zealand Trade and Enterprise,projectlink.co.nz,Crown Entity - Crown Agent
New Zealand Transport Agency,acoustics.nzta.govt.nz,Crown Entity - Crown Agent
New Zealand Transport Agency,air.nzta.govt.nz,Crown Entity - Crown Agent
New Zealand Transport Agency,aucklandmotorways.com,Crown Entity - Crown Agent
New Zealand Transport Agency,awhc.nzta.govt.nz,Crown Entity - Crown Agent
New Zealand Transport Agency,bikewise.co.nz,Crown Entity - Crown Agent
New Zealand Transport Agency,drivercheck.nzta.govt.nz,Crown Entity - Crown Agent
New Zealand Transport Agency,education.nzta.govt.nz,Crown Entity - Crown Agent
New Zealand Transport Agency,feetfirst.govt.nz,Crown Entity - Crown Agent
New Zealand Transport Agency,fuelsaver.govt.nz,Crown Entity - Crown Agent
New Zealand Transport Agency,labeling.fuelsaver.govt.nz,Crown Entity - Crown Agent
New Zealand Transport Agency,nzta.govt.nz,Crown Entity - Crown Agent
New Zealand Transport Agency,practice.co.nz,Crown Entity - Crown Agent
New Zealand Transport Agency,rightcar.govt.nz,Crown Entity - Crown Agent
New Zealand Transport Agency,safety.rightcar.govt.nz,Crown Entity - Crown Agent
New Zealand Transport Agency,tollroad.govt.nz,Crown Entity - Crown Agent
New Zealand Transport Agency,toro.nzta.govt.nz,Crown Entity - Crown Agent
New Zealand Transport Agency,vehiclerecallsafety.nzta.govt.nz,Crown Entity - Crown Agent
New Zealand Walking Access Commission,walkingaccess.govt.nz,Crown Entity - Crown Agent
Northland District Health Board,northlanddhb.org.nz,District Health Board
NZ Artificial Limb Service,nzalb.govt.nz,Autonomous Crown Entity
NZ on AIr,audioculture.co.nz,Autonomous Crown Entity
NZ On Air,nzonair.govt.nz,Autonomous Crown Entity
Office of Film and Literature Classification,censor.org.nz,Independent Crown Entity
Office of Film and Literature Classification,classificationoffice.govt.nz,Independent Crown Entity
Office of the Auditor General,auditnz.govt.nz,Offices of Parliament
Office of the Auditor General,oag.govt.nz,Offices of Parliament
Office of the Clerk of the House of Representatives,explore.parliament.nz,Non-Public Service department
Office of the Clerk of the House of Representatives,parliament.nz,Non-Public Service department
Office of the Ombudsmen,ombudsmen.govt.nz,Offices of Parliament
Pacific Co-operation Foundation,pcf.org.nz,Public Finance Act Fourth Schedule Organisation
Pacific Island Business Development Trust,pacificbusiness.co.nz,Public Finance Act Fourth Schedule Organisation
Parliamentary Commissioner for the Environment,pce.parliament.nz,Offices of Parliament
Parliamentary Council Office,legislation.govt.nz,Non-Public Service department
Parliamentary Service,beehive.govt.nz,Non-Public Service department
Parliamentary Service,pco.parliament.govt.nz,Non-Public Service department
Parliamentary Service,poli.govt.nz,Non-Public Service department
Pharmaceutical Management Agency Ltd,pharmac.govt.nz,Crown Entity - Crown Agent
Privacy Commissioner,privacy.org.nz,Independent Crown Entity
Public Trust,publictrust.co.nz,Autonomous Crown Entity
Quotable Value Limited,qv.co.nz,State Owned Enterprise
Real Estate Agents Authority,reaa.govt.nz,Crown Entity - Crown Agent
Research and Education Advanced Network New Zealand Limited,reannz.co.nz,Crown entity company
Reserve Bank of New Zealand,rbnz.govt.nz,Reserve Bank of New Zealand
Reserve Bank of New Zealand,rbnzmuseum.govt.nz,Reserve Bank of New Zealand
Reserve Bank of New Zealand,reservebank.govt.nz,Reserve Bank of New Zealand
Rewrite Advisory Panel,rewriteadvisory.govt.nz,Other
Serious Fraud Office,sfo.govt.nz,Public Service department
Social Workers Registration Board,swrb.govt.nz,Crown Entity - Crown Agent
Solid Energy New Zealand Limited,coalnz.com,State Owned Enterprise
South Canterbury District Health Board,scdhb.health.nz,District Health Board
Southern District Health Board,southerndhb.govt.nz,District Health Board
Southern Primary Health Organisation,southernpho.health.nz,District Health Board
Southern Response,southernresponse.co.nz,Public Finance Act Schedule 4A Company
Sport and Recreation New Zealand,mission-oninfo.govt.nz,Crown Entity - Crown Agent
Sport and Recreation New Zealand,sportnz.org.nz,Crown Entity - Crown Agent
Sport and Recreation New Zealand,sportstribunal.org.nz,Crown Entity - Crown Agent
Standards New Zealand,standards.co.nz,Autonomous Crown Entity
Statistics New Zealand,businesstoolbox.stats.govt.nz,Public Service department
Statistics New Zealand,careers.stats.govt.nz,Public Service department
Statistics New Zealand,census.govt.nz,Public Service department
Statistics New Zealand,population.govt.nz,Public Service department
Statistics New Zealand,statisphere.govt.nz,Public Service department
Statistics New Zealand,stats.govt.nz,Public Service department
Tairawhiti District Health,tairawhitidhb.health.nz,District Health Board
Tairawhiti District Health Board,tdh.org.nz,District Health Board
Takeovers Panel,takeovers.govt.nz,Independent Crown Entity
Te Mangai Paho,tmp.govt.nz,Autonomous Crown Entity
Te Puni Kokiri,tkm.govt.nz,Public Service department
Te Puni Kokiri,tpk.govt.nz,Public Service department
"Te Taura Whiri i te Reo Maori, Maori Language Commission",tereo.govt.nz,Autonomous Crown Entity
Tertiary Education Commission,dow.tec.govt.nz,Crown Entity - Crown Agent
Tertiary Education Commission,skillshighway.govt.nz,Crown Entity - Crown Agent
Tertiary Education Commission,tec.govt.nz,Crown Entity - Crown Agent
The Agricultural and Marketing Research and Development Trust,agmardt.org.nz,Public Finance Act Fourth Schedule Organisation
The Commission for Financial Literacy and Retirement Income ,cflri.org.nz,Autonomous Crown Entity
The Office of the Childrenï¿½s Commissioner ,occ.org.nz,Independent Crown Entity
The Treasury,boardappointments.co.nz,Public Service department
The Treasury,cabguide.cabinetoffice.govt.nz,Public Service department
The Treasury,cabinetmanual.cabinetoffice.govt.nz,Public Service department
The Treasury,civildefence.govt.nz,Public Service department
The Treasury,dpmc.govt.nz,Public Service department
The Treasury,getthru.govt.nz,Public Service department
The Treasury,gg.govt.nz,Public Service department
The Treasury,infrastructure.govt.nz,Public Service department
The Treasury,nzdmo.govt.nz,Public Service department
The Treasury,nzeco.govt.nz,Public Service department
The Treasury,ssc.govt.nz,Public Service department
The Treasury,treasury.govt.nz,Public Service department
The Treasury,whatstheplanstan.govt.nz,Public Service department
Transport Accident Investigation Commission,taic.org.nz,Independent Crown Entity
Transpower New Zealand Limited,transpower.co.nz,State Owned Enterprise
TVNZ,tvnz.co.nz,Crown entity company
Wairarapa District Health Board,wairarapa.dhb.org.nz,District Health Board
West Coast District Health Board,westcoastdhb.org.nz,District Health Board
Whanganui District Health Board,wdhb.org.nz,District Health Board
